question_id,year,exam_name,paper,section,question_number,marks,language,original_question_text,page_number,source_pdf_name,subject_id,subject_name,subject_confidence,classification_method,classification_reason,review_required,secondary_subject,secondary_subject_confidence
BPSC-Q-000001,2022,67th BPSC Mains,GS 1,Section I,1,38,English,Discuss the main features of Santhal Uprising (1855-56). Why did it break out and what were its immediate consequences?,2,67thMainsGS1-2022.pdf,BPSC-SUB-01,"History, Art & Culture",0.95,two_pass_taxonomy_v1,"Question addresses Indian and Bihar Freedom Movement, Art, Architecture, or History.",False,,
BPSC-Q-000002,2022,67th BPSC Mains,GS 1,Section I,2,38,English,Analyze the main factors responsible for the Revolt of 1857 in Bihar with special emphasis on the role played by Babu Veer Kunwar Singh.,2,67thMainsGS1-2022.pdf,BPSC-SUB-01,"History, Art & Culture",0.95,two_pass_taxonomy_v1,"Question addresses Indian and Bihar Freedom Movement, Art, Architecture, or History.",False,,
BPSC-Q-000003,2022,67th BPSC Mains,GS 1,Section I,3,38,English,Evaluate the development of Western Education in Bihar from 1857 to 1947 and its role in building national political consciousness.,2,67thMainsGS1-2022.pdf,BPSC-SUB-01,"History, Art & Culture",0.95,two_pass_taxonomy_v1,"Question addresses Indian and Bihar Freedom Movement, Art, Architecture, or History.",False,,
BPSC-Q-000004,2022,67th BPSC Mains,GS 1,Section I,4,38,English,Critically examine the main features of Patna Kalam painting and contrast it with Pala Art.,2,67thMainsGS1-2022.pdf,BPSC-SUB-01,"History, Art & Culture",0.95,two_pass_taxonomy_v1,"Question addresses Indian and Bihar Freedom Movement, Art, Architecture, or History.",False,,
BPSC-Q-000005,2022,67th BPSC Mains,GS 1,Section I,5,38,English,Discuss the role of Swami Sahajanand Saraswati and the Bihar Provincial Kisan Sabha in agrarian mobilization.,2,67thMainsGS1-2022.pdf,BPSC-SUB-01,"History, Art & Culture",0.95,two_pass_taxonomy_v1,"Question addresses Indian and Bihar Freedom Movement, Art, Architecture, or History.",False,,
BPSC-Q-000006,2022,67th BPSC Mains,GS 1,Section I,6,38,English,"Trace the contribution of Bihar to the Quit India Movement 1942, detailing the activities of Azad Dasta under Jayaprakash Narayan.",2,67thMainsGS1-2022.pdf,BPSC-SUB-01,"History, Art & Culture",0.95,two_pass_taxonomy_v1,"Question addresses Indian and Bihar Freedom Movement, Art, Architecture, or History.",False,,
BPSC-Q-000007,2022,67th BPSC Mains,GS 1,Section I,7,38,English,Examine India's foreign policy stance during the Russia-Ukraine War. How has India balanced its strategic autonomy with Western pressure?,2,67thMainsGS1-2022.pdf,BPSC-SUB-06,Current Affairs & International Relations,0.95,two_pass_taxonomy_v1,"Question addresses International Relations, Contemporary Geopolitics, and Global Summits.",False,,
BPSC-Q-000008,2022,67th BPSC Mains,GS 1,Section I,8,38,English,"Evaluate the role and outcomes of the I2U2 (India, Israel, UAE, USA) grouping in fostering economic cooperation in West Asia.",2,67thMainsGS1-2022.pdf,BPSC-SUB-06,Current Affairs & International Relations,0.95,two_pass_taxonomy_v1,"Question addresses International Relations, Contemporary Geopolitics, and Global Summits.",False,,
BPSC-Q-000009,2022,67th BPSC Mains,GS 1,Section I,9,38,English,Discuss the significance of the 75th Anniversary of India's Independence (Azadi ka Amrit Mahotsav) and the vision for 'Amrit Kaal'.,2,67thMainsGS1-2022.pdf,BPSC-SUB-01,"History, Art & Culture",0.78,two_pass_taxonomy_v1,Assigned default Subject domain based on general studies context; flagged for human review.,True,,
BPSC-Q-000010,2022,67th BPSC Mains,GS 1,Section I,10,72,English,"Data interpretation questions on pie charts, line graphs, and statistical tables.",2,67thMainsGS1-2022.pdf,BPSC-SUB-07,Statistical Analysis & Data Interpretation,0.98,two_pass_taxonomy_v1,Question requires Quantitative Data Interpretation and Statistical Analysis.,False,,
BPSC-Q-000011,2022,67th BPSC Mains,GS 2,Section I,1,38,English,"""The President of India is an integral part of Parliament, but exercises executive power on advice."" Discuss the constitutional status and powers of the President of India.",2,67thMainsGS2-2022.pdf,BPSC-SUB-02,Polity & Governance,0.95,two_pass_taxonomy_v1,"Question addresses Constitutional provisions, Judicial principles, or Governance structures.",False,,
BPSC-Q-000012,2022,67th BPSC Mains,GS 2,Section I,2,38,English,"Critically analyze the working of Panchayati Raj Institutions in Bihar post 73rd Amendment, focusing on women reservation (50%) and financial autonomy.",2,67thMainsGS2-2022.pdf,BPSC-SUB-02,Polity & Governance,0.95,two_pass_taxonomy_v1,"Question addresses Constitutional provisions, Judicial principles, or Governance structures.",False,,
BPSC-Q-000013,2022,67th BPSC Mains,GS 2,Section I,3,38,English,Discuss the concept of Judicial Activism in India. Has the Supreme Court overstepped its jurisdiction in policy matters?,2,67thMainsGS2-2022.pdf,BPSC-SUB-02,Polity & Governance,0.95,two_pass_taxonomy_v1,"Question addresses Constitutional provisions, Judicial principles, or Governance structures.",False,,
BPSC-Q-000014,2022,67th BPSC Mains,GS 2,Section I,4,38,English,Examine the major challenges to internal security and federal harmony arising from regionalism and linguistic identity movements.,2,67thMainsGS2-2022.pdf,BPSC-SUB-02,Polity & Governance,0.95,two_pass_taxonomy_v1,"Question addresses Constitutional provisions, Judicial principles, or Governance structures.",False,,
BPSC-Q-000015,2022,67th BPSC Mains,GS 2,Section I,5,38,English,Discuss the key features of NITI Aayog's Multidimensional Poverty Index (MPI) report. What specific policy measures has Bihar undertaken to combat poverty?,2,67thMainsGS2-2022.pdf,BPSC-SUB-03,Indian & Bihar Economy,0.92,two_pass_taxonomy_v1,"Question concerns Indian & Bihar Economic Policy, Industrialization, or Poverty Alleviation.",False,,
BPSC-Q-000016,2022,67th BPSC Mains,GS 2,Section I,6,38,English,Analyze the industrial backwardness of Bihar. What measures are needed to attract private investment and promote agro-based industries?,2,67thMainsGS2-2022.pdf,BPSC-SUB-03,Indian & Bihar Economy,0.92,two_pass_taxonomy_v1,"Question concerns Indian & Bihar Economic Policy, Industrialization, or Poverty Alleviation.",False,,
BPSC-Q-000017,2022,67th BPSC Mains,GS 2,Section I,7,38,English,Explain the spatial distribution of natural resources in India and discuss the economic significance of the Chotanagpur plateau region before and after Bihar bifurcation.,2,67thMainsGS2-2022.pdf,BPSC-SUB-04,Geography & Disaster Management,0.92,two_pass_taxonomy_v1,"Question focuses on Geography, Natural Resources, Monsoon, or Disaster Management.",False,Indian & Bihar Economy,0.7
BPSC-Q-000018,2022,67th BPSC Mains,GS 2,Section I,8,38,English,"""Nuclear energy is a viable and clean alternative for meeting India's growing energy demand."" Discuss the progress, safety concerns, and prospects of India's three-stage nuclear power program.",2,67thMainsGS2-2022.pdf,BPSC-SUB-05,Science & Technology,0.95,two_pass_taxonomy_v1,Question examines Science & Technology applications in governance and national development.,False,,
BPSC-Q-000019,2022,67th BPSC Mains,GS 2,Section I,9,38,English,"How can Space Science and Remote Sensing Technology assist in flood prediction, crop damage assessment, and water resource management in Bihar?",2,67thMainsGS2-2022.pdf,BPSC-SUB-05,Science & Technology,0.95,two_pass_taxonomy_v1,Question examines Science & Technology applications in governance and national development.,False,,
BPSC-Q-000020,2022,67th BPSC Mains,GS 2,Section I,10,38,English,"Evaluate the role of Information Technology (IT) and e-governance initiatives (such as Bihar One Portal, RTPS) in transparent public administration.",2,67thMainsGS2-2022.pdf,BPSC-SUB-05,Science & Technology,0.95,two_pass_taxonomy_v1,Question examines Science & Technology applications in governance and national development.,False,,
BPSC-Q-000021,2023,68th BPSC Mains,GS 1,Section I,1,38,English,**Short Answer Questions (Compulsory - 38 Marks Total):**,3,68th-MainsGS-1.pdf,BPSC-SUB-01,"History, Art & Culture",0.78,two_pass_taxonomy_v1,Assigned default Subject domain based on general studies context; flagged for human review.,True,,
BPSC-Q-000022,2023,68th BPSC Mains,GS 1,Section I,Sub-a,8,English,Government of India Act 1858 and the transfer of power to the British Crown.,2,68th-MainsGS-1.pdf,BPSC-SUB-01,"History, Art & Culture",0.95,two_pass_taxonomy_v1,"Question addresses Indian and Bihar Freedom Movement, Art, Architecture, or History.",False,,
BPSC-Q-000023,2023,68th BPSC Mains,GS 1,Section I,Sub-b,8,English,"Mauryan Art and Architecture: Polish, pillared halls, and Asokan rock edicts in Bihar.",2,68th-MainsGS-1.pdf,BPSC-SUB-01,"History, Art & Culture",0.95,two_pass_taxonomy_v1,"Question addresses Indian and Bihar Freedom Movement, Art, Architecture, or History.",False,,
BPSC-Q-000024,2023,68th BPSC Mains,GS 1,Section I,Sub-c,8,English,"Santhal Rebellion (1855-56): Causes, leadership (Sidhu and Kanhu), and outcomes.",2,68th-MainsGS-1.pdf,BPSC-SUB-01,"History, Art & Culture",0.95,two_pass_taxonomy_v1,"Question addresses Indian and Bihar Freedom Movement, Art, Architecture, or History.",False,,
BPSC-Q-000025,2023,68th BPSC Mains,GS 1,Section I,Sub-d,7,English,Development of Technical Education in Bihar under British rule.,2,68th-MainsGS-1.pdf,BPSC-SUB-01,"History, Art & Culture",0.95,two_pass_taxonomy_v1,"Question addresses Indian and Bihar Freedom Movement, Art, Architecture, or History.",False,,
BPSC-Q-000026,2023,68th BPSC Mains,GS 1,Section I,Sub-e,7,English,Champaran Satyagraha (1917) and its impact on the freedom struggle.,2,68th-MainsGS-1.pdf,BPSC-SUB-01,"History, Art & Culture",0.95,two_pass_taxonomy_v1,"Question addresses Indian and Bihar Freedom Movement, Art, Architecture, or History.",False,,
BPSC-Q-000027,2023,68th BPSC Mains,GS 1,Section I,2,38,English,**Long Answer Question (History & Movement):**,3,68th-MainsGS-1.pdf,BPSC-SUB-01,"History, Art & Culture",0.95,two_pass_taxonomy_v1,"Question addresses Indian and Bihar Freedom Movement, Art, Architecture, or History.",False,,
BPSC-Q-000028,2023,68th BPSC Mains,GS 1,Section I,Sub-a,38,English,Critically examine the main causes of the 1857 Revolt in Bihar and evaluate the leadership of Babu Kunwar Singh.,2,68th-MainsGS-1.pdf,BPSC-SUB-01,"History, Art & Culture",0.95,two_pass_taxonomy_v1,"Question addresses Indian and Bihar Freedom Movement, Art, Architecture, or History.",False,,
BPSC-Q-000029,2023,68th BPSC Mains,GS 1,Section I,Sub-b,38,English,"Discuss the origin, growth, and contribution of the Bihar Congress Socialist Party and its leaders (Jayaprakash Narayan, Ram Manohar Lohia) during the freedom movement.",2,68th-MainsGS-1.pdf,BPSC-SUB-01,"History, Art & Culture",0.95,two_pass_taxonomy_v1,"Question addresses Indian and Bihar Freedom Movement, Art, Architecture, or History.",False,,
BPSC-Q-000030,2023,68th BPSC Mains,GS 1,Section I,3,38,English,**Long Answer Question (Art & Thinkers):**,3,68th-MainsGS-1.pdf,BPSC-SUB-01,"History, Art & Culture",0.78,two_pass_taxonomy_v1,Assigned default Subject domain based on general studies context; flagged for human review.,True,,
BPSC-Q-000031,2023,68th BPSC Mains,GS 1,Section I,Sub-a,38,English,"Describe the salient features of Mauryan caves and stupas in Bihar, and explain how Mauryan art reflected state ideology.",2,68th-MainsGS-1.pdf,BPSC-SUB-01,"History, Art & Culture",0.95,two_pass_taxonomy_v1,"Question addresses Indian and Bihar Freedom Movement, Art, Architecture, or History.",False,,
BPSC-Q-000032,2023,68th BPSC Mains,GS 1,Section I,Sub-b,38,English,"Trace the development of Rabindranath Tagore's ideas on nationalism, education (Visva-Bharati), and internationalism.",2,68th-MainsGS-1.pdf,BPSC-SUB-01,"History, Art & Culture",0.95,two_pass_taxonomy_v1,"Question addresses Indian and Bihar Freedom Movement, Art, Architecture, or History.",False,,
BPSC-Q-000033,2023,68th BPSC Mains,GS 1,Section I,4,38,English,**Short Answer Questions:**,3,68th-MainsGS-1.pdf,BPSC-SUB-01,"History, Art & Culture",0.78,two_pass_taxonomy_v1,Assigned default Subject domain based on general studies context; flagged for human review.,True,,
BPSC-Q-000034,2023,68th BPSC Mains,GS 1,Section I,Sub-a,8,English,"G20 Presidency: Strategic priorities of 'Vasudhaiva Kutumbakam' (One Earth, One Family, One Future).",2,68th-MainsGS-1.pdf,BPSC-SUB-06,Current Affairs & International Relations,0.95,two_pass_taxonomy_v1,"Question addresses International Relations, Contemporary Geopolitics, and Global Summits.",False,,
BPSC-Q-000035,2023,68th BPSC Mains,GS 1,Section I,Sub-b,8,English,"Quad (Quadrilateral Security Dialogue): Objectives, naval exercises, and maritime security in Indo-Pacific.",2,68th-MainsGS-1.pdf,BPSC-SUB-06,Current Affairs & International Relations,0.95,two_pass_taxonomy_v1,"Question addresses International Relations, Contemporary Geopolitics, and Global Summits.",False,,
BPSC-Q-000036,2023,68th BPSC Mains,GS 1,Section I,Sub-c,8,English,Russia-Ukraine Conflict: Implications for global energy security and India's neutral diplomatic posture.,2,68th-MainsGS-1.pdf,BPSC-SUB-06,Current Affairs & International Relations,0.95,two_pass_taxonomy_v1,"Question addresses International Relations, Contemporary Geopolitics, and Global Summits.",False,,
BPSC-Q-000037,2023,68th BPSC Mains,GS 1,Section I,Sub-d,7,English,Semiconductor Mission: India's policy incentives to establish indigenous semiconductor fabrication facilities.,2,68th-MainsGS-1.pdf,BPSC-SUB-06,Current Affairs & International Relations,0.95,two_pass_taxonomy_v1,"Question addresses International Relations, Contemporary Geopolitics, and Global Summits.",False,Science & Technology,0.75
BPSC-Q-000038,2023,68th BPSC Mains,GS 1,Section I,Sub-e,7,English,Digital Rupee (e-Rupee): RBI's Central Bank Digital Currency (CBDC) pilot and its financial benefits.,2,68th-MainsGS-1.pdf,BPSC-SUB-06,Current Affairs & International Relations,0.95,two_pass_taxonomy_v1,"Question addresses International Relations, Contemporary Geopolitics, and Global Summits.",False,Science & Technology,0.75
BPSC-Q-000039,2023,68th BPSC Mains,GS 1,Section I,5,38,English,**Long Answer Question:**,3,68th-MainsGS-1.pdf,BPSC-SUB-01,"History, Art & Culture",0.78,two_pass_taxonomy_v1,Assigned default Subject domain based on general studies context; flagged for human review.,True,,
BPSC-Q-000040,2023,68th BPSC Mains,GS 1,Section I,Sub-a,38,English,"Analyze India's Neighbourhood First Policy in the context of recent socio-political developments in Sri Lanka, Nepal, and Bangladesh.",2,68th-MainsGS-1.pdf,BPSC-SUB-06,Current Affairs & International Relations,0.95,two_pass_taxonomy_v1,"Question addresses International Relations, Contemporary Geopolitics, and Global Summits.",False,,
BPSC-Q-000041,2023,68th BPSC Mains,GS 1,Section I,6,72,English,"Data interpretation sets covering multi-year economic production indices, agricultural yield tables, and population demographics.",3,68th-MainsGS-1.pdf,BPSC-SUB-07,Statistical Analysis & Data Interpretation,0.98,two_pass_taxonomy_v1,Question requires Quantitative Data Interpretation and Statistical Analysis.,False,,
BPSC-Q-000042,2023,68th BPSC Mains,GS 2,Section I,1,38,English,**Short Answer Questions:**,3,68th_BPSC_MAINS_GS_PAPER-II.pdf,BPSC-SUB-01,"History, Art & Culture",0.78,two_pass_taxonomy_v1,Assigned default Subject domain based on general studies context; flagged for human review.,True,,
BPSC-Q-000043,2023,68th BPSC Mains,GS 2,Section I,Sub-a,8,English,Preamble of the Indian Constitution: How far does it embody the core vision of democratic socialism and secularism?,2,68th_BPSC_MAINS_GS_PAPER-II.pdf,BPSC-SUB-02,Polity & Governance,0.95,two_pass_taxonomy_v1,"Question addresses Constitutional provisions, Judicial principles, or Governance structures.",False,,
BPSC-Q-000044,2023,68th BPSC Mains,GS 2,Section I,Sub-b,8,English,Judicial Review vs. Judicial Activism: Boundary between judicial oversight and executive encroachment.,2,68th_BPSC_MAINS_GS_PAPER-II.pdf,BPSC-SUB-02,Polity & Governance,0.95,two_pass_taxonomy_v1,"Question addresses Constitutional provisions, Judicial principles, or Governance structures.",False,,
BPSC-Q-000045,2023,68th BPSC Mains,GS 2,Section I,Sub-c,8,English,Right to Privacy as a Fundamental Right (Puttaswamy Case 2017) under Article 21.,2,68th_BPSC_MAINS_GS_PAPER-II.pdf,BPSC-SUB-02,Polity & Governance,0.95,two_pass_taxonomy_v1,"Question addresses Constitutional provisions, Judicial principles, or Governance structures.",False,,
BPSC-Q-000046,2023,68th BPSC Mains,GS 2,Section I,Sub-d,7,English,Governor's Role: Controversies over legislative assent and reservation of bills for Presidential approval.,2,68th_BPSC_MAINS_GS_PAPER-II.pdf,BPSC-SUB-02,Polity & Governance,0.95,two_pass_taxonomy_v1,"Question addresses Constitutional provisions, Judicial principles, or Governance structures.",False,,
BPSC-Q-000047,2023,68th BPSC Mains,GS 2,Section I,Sub-e,7,English,Statutory Commissions: Structure and role of National Human Rights Commission (NHRC) and NITI Aayog.,2,68th_BPSC_MAINS_GS_PAPER-II.pdf,BPSC-SUB-02,Polity & Governance,0.95,two_pass_taxonomy_v1,"Question addresses Constitutional provisions, Judicial principles, or Governance structures.",False,,
BPSC-Q-000048,2023,68th BPSC Mains,GS 2,Section I,2,38,English,**Long Answer Question:**,3,68th_BPSC_MAINS_GS_PAPER-II.pdf,BPSC-SUB-01,"History, Art & Culture",0.78,two_pass_taxonomy_v1,Assigned default Subject domain based on general studies context; flagged for human review.,True,,
BPSC-Q-000049,2023,68th BPSC Mains,GS 2,Section I,Sub-a,38,English,"""Cooperative Federalism is the bedrock of Indian democracy, yet competitive friction persists."" Examine Centre-State relations in fiscal transfers, GST compensation, and central agency deployments.",2,68th_BPSC_MAINS_GS_PAPER-II.pdf,BPSC-SUB-02,Polity & Governance,0.95,two_pass_taxonomy_v1,"Question addresses Constitutional provisions, Judicial principles, or Governance structures.",False,,
BPSC-Q-000050,2023,68th BPSC Mains,GS 2,Section I,3,38,English,**Short Answer Questions:**,3,68th_BPSC_MAINS_GS_PAPER-II.pdf,BPSC-SUB-01,"History, Art & Culture",0.78,two_pass_taxonomy_v1,Assigned default Subject domain based on general studies context; flagged for human review.,True,,
BPSC-Q-000051,2023,68th BPSC Mains,GS 2,Section I,Sub-a,8,English,NITI Aayog's Multidimensional Poverty Index (MPI): Highlights of Bihar's performance and poverty reduction.,2,68th_BPSC_MAINS_GS_PAPER-II.pdf,BPSC-SUB-03,Indian & Bihar Economy,0.92,two_pass_taxonomy_v1,"Question concerns Indian & Bihar Economic Policy, Industrialization, or Poverty Alleviation.",False,,
BPSC-Q-000052,2023,68th BPSC Mains,GS 2,Section I,Sub-b,8,English,Renewable Energy Goals: Solar and wind energy potential in Bihar and PM-KUSUM scheme implementation.,2,68th_BPSC_MAINS_GS_PAPER-II.pdf,BPSC-SUB-03,Indian & Bihar Economy,0.92,two_pass_taxonomy_v1,"Question concerns Indian & Bihar Economic Policy, Industrialization, or Poverty Alleviation.",False,,
BPSC-Q-000053,2023,68th BPSC Mains,GS 2,Section I,Sub-c,8,English,"Urbanisation Trends in Bihar: Challenges of smart cities, urban flooding, and civic infrastructure.",2,68th_BPSC_MAINS_GS_PAPER-II.pdf,BPSC-SUB-04,Geography & Disaster Management,0.92,two_pass_taxonomy_v1,"Question focuses on Geography, Natural Resources, Monsoon, or Disaster Management.",False,Indian & Bihar Economy,0.7
BPSC-Q-000054,2023,68th BPSC Mains,GS 2,Section I,Sub-d,7,English,"Food Processing Sector in Bihar: Value addition, cold storage infrastructure, and Mega Food Parks.",2,68th_BPSC_MAINS_GS_PAPER-II.pdf,BPSC-SUB-03,Indian & Bihar Economy,0.92,two_pass_taxonomy_v1,"Question concerns Indian & Bihar Economic Policy, Industrialization, or Poverty Alleviation.",False,,
BPSC-Q-000055,2023,68th BPSC Mains,GS 2,Section I,Sub-e,7,English,"Land Reforms in Bihar: Land ceiling, tenancy records, and land consolidation hurdles.",2,68th_BPSC_MAINS_GS_PAPER-II.pdf,BPSC-SUB-03,Indian & Bihar Economy,0.92,two_pass_taxonomy_v1,"Question concerns Indian & Bihar Economic Policy, Industrialization, or Poverty Alleviation.",False,,
BPSC-Q-000056,2023,68th BPSC Mains,GS 2,Section I,4,38,English,**Long Answer Question:**,3,68th_BPSC_MAINS_GS_PAPER-II.pdf,BPSC-SUB-01,"History, Art & Culture",0.78,two_pass_taxonomy_v1,Assigned default Subject domain based on general studies context; flagged for human review.,True,,
BPSC-Q-000057,2023,68th BPSC Mains,GS 2,Section I,Sub-a,38,English,Discuss the causes of recurring floods and droughts in Bihar. Evaluate integrated river basin management strategies and interlinking projects to mitigate disasters.,2,68th_BPSC_MAINS_GS_PAPER-II.pdf,BPSC-SUB-04,Geography & Disaster Management,0.92,two_pass_taxonomy_v1,"Question focuses on Geography, Natural Resources, Monsoon, or Disaster Management.",False,Indian & Bihar Economy,0.7
BPSC-Q-000058,2023,68th BPSC Mains,GS 2,Section I,5,38,English,**Short Answer Questions:**,3,68th_BPSC_MAINS_GS_PAPER-II.pdf,BPSC-SUB-01,"History, Art & Culture",0.78,two_pass_taxonomy_v1,Assigned default Subject domain based on general studies context; flagged for human review.,True,,
BPSC-Q-000059,2023,68th BPSC Mains,GS 2,Section I,Sub-a,8,English,"5G Technology Rollout: Applications in telemedicine, smart agriculture, and industrial automation.",2,68th_BPSC_MAINS_GS_PAPER-II.pdf,BPSC-SUB-05,Science & Technology,0.95,two_pass_taxonomy_v1,Question examines Science & Technology applications in governance and national development.,False,,
BPSC-Q-000060,2023,68th BPSC Mains,GS 2,Section I,Sub-b,8,English,Space Technology for National Development: Remote sensing in flood mapping and urban planning in Bihar.,2,68th_BPSC_MAINS_GS_PAPER-II.pdf,BPSC-SUB-05,Science & Technology,0.95,two_pass_taxonomy_v1,Question examines Science & Technology applications in governance and national development.,False,,
BPSC-Q-000061,2023,68th BPSC Mains,GS 2,Section I,Sub-c,8,English,"Biotechnology in Healthcare: Recombinant DNA technology, gene editing (CRISPR), and vaccine manufacturing.",2,68th_BPSC_MAINS_GS_PAPER-II.pdf,BPSC-SUB-05,Science & Technology,0.95,two_pass_taxonomy_v1,Question examines Science & Technology applications in governance and national development.,False,,
BPSC-Q-000062,2023,68th BPSC Mains,GS 2,Section I,Sub-d,7,English,E-Waste Management Rules: Environmental risks of electronic waste and circular economy solutions.,2,68th_BPSC_MAINS_GS_PAPER-II.pdf,BPSC-SUB-05,Science & Technology,0.95,two_pass_taxonomy_v1,Question examines Science & Technology applications in governance and national development.,False,,
BPSC-Q-000063,2023,68th BPSC Mains,GS 2,Section I,Sub-e,7,English,"Artificial Intelligence in Public Governance: Chatbots, automated service delivery, and digital inclusion.",2,68th_BPSC_MAINS_GS_PAPER-II.pdf,BPSC-SUB-05,Science & Technology,0.95,two_pass_taxonomy_v1,Question examines Science & Technology applications in governance and national development.,False,,
BPSC-Q-000064,2023,68th BPSC Mains,GS 2,Section I,6,38,English,**Long Answer Question:**,3,68th_BPSC_MAINS_GS_PAPER-II.pdf,BPSC-SUB-01,"History, Art & Culture",0.78,two_pass_taxonomy_v1,Assigned default Subject domain based on general studies context; flagged for human review.,True,,
BPSC-Q-000065,2023,68th BPSC Mains,GS 2,Section I,Sub-a,38,English,"""Technology-driven interventions are indispensable for transforming rural Bihar."" Examine how Space Technology, Geospatial Information Systems (GIS), and Information Technology (IT) can revolutionize agriculture, disaster warning, and health service delivery in Bihar.",2,68th_BPSC_MAINS_GS_PAPER-II.pdf,BPSC-SUB-05,Science & Technology,0.95,two_pass_taxonomy_v1,Question examines Science & Technology applications in governance and national development.,False,,
BPSC-Q-000066,2023,68th BPSC Mains,Essay,Section I,1,100,English,"Forest precedes civilization, desert succeeds it.",3,68th mains essay  (Final) (1).pdf,BPSC-SUB-08,Essay & Philosophical Themes,0.98,two_pass_taxonomy_v1,Question originates from official BPSC Essay Paper.,False,,
BPSC-Q-000067,2023,68th BPSC Mains,Essay,Section I,2,100,English,An unexamined life is not worth living.,3,68th mains essay  (Final) (1).pdf,BPSC-SUB-08,Essay & Philosophical Themes,0.98,two_pass_taxonomy_v1,Question originates from official BPSC Essay Paper.,False,,
BPSC-Q-000068,2023,68th BPSC Mains,Essay,Section I,3,100,English,"Symbolism of lotus in Indian art, philosophy, and political culture.",3,68th mains essay  (Final) (1).pdf,BPSC-SUB-08,Essay & Philosophical Themes,0.98,two_pass_taxonomy_v1,Question originates from official BPSC Essay Paper.,False,,
BPSC-Q-000069,2023,68th BPSC Mains,Essay,Section I,1,100,English,Digital economy and its role in bridging gender gaps in India.,3,68th mains essay  (Final) (1).pdf,BPSC-SUB-08,Essay & Philosophical Themes,0.98,two_pass_taxonomy_v1,Question originates from official BPSC Essay Paper.,False,,
BPSC-Q-000070,2023,68th BPSC Mains,Essay,Section I,2,100,English,Sustainable agriculture: Balancing food security with ecological conservation.,3,68th mains essay  (Final) (1).pdf,BPSC-SUB-08,Essay & Philosophical Themes,0.98,two_pass_taxonomy_v1,Question originates from official BPSC Essay Paper.,False,,
BPSC-Q-000071,2023,68th BPSC Mains,Essay,Section I,3,100,English,Industrialisation in eastern India: Opportunities and structural constraints.,3,68th mains essay  (Final) (1).pdf,BPSC-SUB-08,Essay & Philosophical Themes,0.98,two_pass_taxonomy_v1,Question originates from official BPSC Essay Paper.,False,,
BPSC-Q-000072,2023,68th BPSC Mains,Essay,Section I,1,100,Bilingual,"""मूस मोटैहैं त कोठारि हइहैं, ना बल ना बुद्धि बाढैहैं"" (Superficial gains without structural capability building lead nowhere).",3,68th mains essay  (Final) (1).pdf,BPSC-SUB-08,Essay & Philosophical Themes,0.98,two_pass_taxonomy_v1,Question originates from official BPSC Essay Paper.,False,,
BPSC-Q-000073,2023,68th BPSC Mains,Essay,Section I,2,100,Bilingual,"""अगिला खेती आगे-आगे, पछिला खेती भागे-भागे"" (Timeliness, proactiveness, and agility in agricultural and economic planning).",3,68th mains essay  (Final) (1).pdf,BPSC-SUB-08,Essay & Philosophical Themes,0.98,two_pass_taxonomy_v1,Question originates from official BPSC Essay Paper.,False,,
BPSC-Q-000074,2023,68th BPSC Mains,Essay,Section I,3,100,Bilingual,"""बिनु सेवा मेवा न मिलै"" (Hard work, public service, and dedication as the sole path to enduring governance results).",3,68th mains essay  (Final) (1).pdf,BPSC-SUB-08,Essay & Philosophical Themes,0.98,two_pass_taxonomy_v1,Question originates from official BPSC Essay Paper.,False,,
BPSC-Q-000075,2024,69th BPSC Mains,GS 1,Section I,1,38,English,**Short Answer Questions (Compulsory - 38 Marks Total):**,3,69th_BPSC_MAINS_GS_PAPER-I.pdf,BPSC-SUB-01,"History, Art & Culture",0.78,two_pass_taxonomy_v1,Assigned default Subject domain based on general studies context; flagged for human review.,True,,
BPSC-Q-000076,2024,69th BPSC Mains,GS 1,Section I,Sub-a,8,English,**Pala Art and Architecture:** Discuss the key architectural and sculptural features of Pala Art in Bihar and its influence on Buddhist iconography.,2,69th_BPSC_MAINS_GS_PAPER-I.pdf,BPSC-SUB-01,"History, Art & Culture",0.95,two_pass_taxonomy_v1,"Question addresses Indian and Bihar Freedom Movement, Art, Architecture, or History.",False,,
BPSC-Q-000077,2024,69th BPSC Mains,GS 1,Section I,Sub-b,8,English,**Indigo Revolt & Bihar:** Examine the role of peasants in Bihar during the Indigo Revolt and the significance of Mahatma Gandhi's Champaran Satyagraha (1917).,2,69th_BPSC_MAINS_GS_PAPER-I.pdf,BPSC-SUB-01,"History, Art & Culture",0.95,two_pass_taxonomy_v1,"Question addresses Indian and Bihar Freedom Movement, Art, Architecture, or History.",False,,
BPSC-Q-000078,2024,69th BPSC Mains,GS 1,Section I,Sub-c,8,English,**Western Education in Bihar (1857–1947):** Trace the spread and development of Western education in Bihar and its impact on modern political consciousness.,2,69th_BPSC_MAINS_GS_PAPER-I.pdf,BPSC-SUB-01,"History, Art & Culture",0.95,two_pass_taxonomy_v1,"Question addresses Indian and Bihar Freedom Movement, Art, Architecture, or History.",False,,
BPSC-Q-000079,2024,69th BPSC Mains,GS 1,Section I,Sub-d,7,English,"**Patna Kalam Painting:** Describe the distinctive features, subject matter, and decline of Patna Kalam style of painting.",2,69th_BPSC_MAINS_GS_PAPER-I.pdf,BPSC-SUB-01,"History, Art & Culture",0.95,two_pass_taxonomy_v1,"Question addresses Indian and Bihar Freedom Movement, Art, Architecture, or History.",False,,
BPSC-Q-000080,2024,69th BPSC Mains,GS 1,Section I,Sub-e,7,English,**Quit India Movement in Bihar:** Highlight the participation of youth and subterranean underground activities (Azad Dasta) in Bihar during the Quit India Movement 1942.,2,69th_BPSC_MAINS_GS_PAPER-I.pdf,BPSC-SUB-01,"History, Art & Culture",0.95,two_pass_taxonomy_v1,"Question addresses Indian and Bihar Freedom Movement, Art, Architecture, or History.",False,,
BPSC-Q-000081,2024,69th BPSC Mains,GS 1,Section I,2,38,English,**Long Answer Question (History & Movement):**,3,69th_BPSC_MAINS_GS_PAPER-I.pdf,BPSC-SUB-01,"History, Art & Culture",0.95,two_pass_taxonomy_v1,"Question addresses Indian and Bihar Freedom Movement, Art, Architecture, or History.",False,,
BPSC-Q-000082,2024,69th BPSC Mains,GS 1,Section I,Sub-a,38,English,"Evaluate the contribution of Birsa Munda and the Ulgulan movement in northern Chotanagpur, detailing the socio-religious and agrarian factors behind the tribal uprising.",2,69th_BPSC_MAINS_GS_PAPER-I.pdf,BPSC-SUB-04,Geography & Disaster Management,0.92,two_pass_taxonomy_v1,"Question focuses on Geography, Natural Resources, Monsoon, or Disaster Management.",False,Indian & Bihar Economy,0.7
BPSC-Q-000083,2024,69th BPSC Mains,GS 1,Section I,Sub-b,38,English,"Analyze the main causes of the 1857 Revolt in Bihar with special reference to the leadership, military strategy, and role of Babu Veer Kunwar Singh of Jagdishpur.",2,69th_BPSC_MAINS_GS_PAPER-I.pdf,BPSC-SUB-01,"History, Art & Culture",0.95,two_pass_taxonomy_v1,"Question addresses Indian and Bihar Freedom Movement, Art, Architecture, or History.",False,,
BPSC-Q-000084,2024,69th BPSC Mains,GS 1,Section I,3,38,English,**Long Answer Question (National Movement & Thinkers):**,3,69th_BPSC_MAINS_GS_PAPER-I.pdf,BPSC-SUB-01,"History, Art & Culture",0.78,two_pass_taxonomy_v1,Assigned default Subject domain based on general studies context; flagged for human review.,True,,
BPSC-Q-000085,2024,69th BPSC Mains,GS 1,Section I,Sub-a,38,English,"Compare and contrast the political philosophies and social visions of Mahatma Gandhi, Jawaharlal Nehru, and Dr. B.R. Ambedkar regarding caste reform and national development.",2,69th_BPSC_MAINS_GS_PAPER-I.pdf,BPSC-SUB-01,"History, Art & Culture",0.95,two_pass_taxonomy_v1,"Question addresses Indian and Bihar Freedom Movement, Art, Architecture, or History.",False,,
BPSC-Q-000086,2024,69th BPSC Mains,GS 1,Section I,Sub-b,38,English,Discuss the role of Bihar Provincial Kisan Sabha founded by Swami Sahajanand Saraswati in mobilizing Bihar peasantry and shaping agrarian reforms.,2,69th_BPSC_MAINS_GS_PAPER-I.pdf,BPSC-SUB-01,"History, Art & Culture",0.95,two_pass_taxonomy_v1,"Question addresses Indian and Bihar Freedom Movement, Art, Architecture, or History.",False,,
BPSC-Q-000087,2024,69th BPSC Mains,GS 1,Section I,4,38,English,**Short Answer Questions (Current Developments):**,3,69th_BPSC_MAINS_GS_PAPER-I.pdf,BPSC-SUB-01,"History, Art & Culture",0.78,two_pass_taxonomy_v1,Assigned default Subject domain based on general studies context; flagged for human review.,True,,
BPSC-Q-000088,2024,69th BPSC Mains,GS 1,Section I,Sub-a,8,English,**G20 Summit 2023:** Discuss India's presidency of the G20 and its outcomes regarding Global South representation and economic consensus.,2,69th_BPSC_MAINS_GS_PAPER-I.pdf,BPSC-SUB-06,Current Affairs & International Relations,0.95,two_pass_taxonomy_v1,"Question addresses International Relations, Contemporary Geopolitics, and Global Summits.",False,,
BPSC-Q-000089,2024,69th BPSC Mains,GS 1,Section I,Sub-b,8,English,**Chandrayaan-3 Mission:** Explain the scientific objectives and geopolitical significance of India's successful soft landing on the lunar South Pole.,2,69th_BPSC_MAINS_GS_PAPER-I.pdf,BPSC-SUB-06,Current Affairs & International Relations,0.95,two_pass_taxonomy_v1,"Question addresses International Relations, Contemporary Geopolitics, and Global Summits.",False,,
BPSC-Q-000090,2024,69th BPSC Mains,GS 1,Section I,Sub-c,8,English,**ISRO Aditya-L1:** Detail the payload objectives of Aditya-L1 in studying solar coronal mass ejections and space weather.,2,69th_BPSC_MAINS_GS_PAPER-I.pdf,BPSC-SUB-06,Current Affairs & International Relations,0.95,two_pass_taxonomy_v1,"Question addresses International Relations, Contemporary Geopolitics, and Global Summits.",False,,
BPSC-Q-000091,2024,69th BPSC Mains,GS 1,Section I,Sub-d,7,English,**India-Middle East-Europe Economic Corridor (IMEC):** Examine the strategic and economic significance of IMEC for global trade resilient supply chains.,2,69th_BPSC_MAINS_GS_PAPER-I.pdf,BPSC-SUB-06,Current Affairs & International Relations,0.95,two_pass_taxonomy_v1,"Question addresses International Relations, Contemporary Geopolitics, and Global Summits.",False,,
BPSC-Q-000092,2024,69th BPSC Mains,GS 1,Section I,Sub-e,7,English,"**Deepfake & AI Ethics:** Discuss the social, ethical, and legal challenges posed by generative artificial intelligence and deepfake technology in governance.",2,69th_BPSC_MAINS_GS_PAPER-I.pdf,BPSC-SUB-05,Science & Technology,0.95,two_pass_taxonomy_v1,Question examines Science & Technology applications in governance and national development.,False,,
BPSC-Q-000093,2024,69th BPSC Mains,GS 1,Section I,5,38,English,**Long Answer Question (International Relations):**,3,69th_BPSC_MAINS_GS_PAPER-I.pdf,BPSC-SUB-01,"History, Art & Culture",0.78,two_pass_taxonomy_v1,Assigned default Subject domain based on general studies context; flagged for human review.,True,,
BPSC-Q-000094,2024,69th BPSC Mains,GS 1,Section I,Sub-a,38,English,"Critically analyze the changing dynamics of India-US bilateral relations in light of QUAD, iCET, and defense technology transfers in the Indo-Pacific region.",2,69th_BPSC_MAINS_GS_PAPER-I.pdf,BPSC-SUB-06,Current Affairs & International Relations,0.95,two_pass_taxonomy_v1,"Question addresses International Relations, Contemporary Geopolitics, and Global Summits.",False,,
BPSC-Q-000095,2024,69th BPSC Mains,GS 1,Section I,6,72,English,"Quantitative interpretation of multi-variable bar charts, pie charts, and data tables representing state socio-economic indicators and trade balances.",3,69th_BPSC_MAINS_GS_PAPER-I.pdf,BPSC-SUB-07,Statistical Analysis & Data Interpretation,0.98,two_pass_taxonomy_v1,Question requires Quantitative Data Interpretation and Statistical Analysis.,False,,
BPSC-Q-000096,2024,69th BPSC Mains,GS 2,Section I,1,38,English,**Short Answer Questions (Polity):**,3,69th_BPSC_MAINS_GS_PAPER-II.pdf,BPSC-SUB-01,"History, Art & Culture",0.78,two_pass_taxonomy_v1,Assigned default Subject domain based on general studies context; flagged for human review.,True,,
BPSC-Q-000097,2024,69th BPSC Mains,GS 2,Section I,Sub-a,8,English,**Basic Structure Doctrine:** Explain the significance of the Kesavananda Bharati judgment (1973) in safeguarding constitutionalism.,2,69th_BPSC_MAINS_GS_PAPER-II.pdf,BPSC-SUB-02,Polity & Governance,0.95,two_pass_taxonomy_v1,"Question addresses Constitutional provisions, Judicial principles, or Governance structures.",False,,
BPSC-Q-000098,2024,69th BPSC Mains,GS 2,Section I,Sub-b,8,English,**Directive Principles of State Policy (DPSP):** How do DPSPs act as a barometer for social and economic democracy in India?,2,69th_BPSC_MAINS_GS_PAPER-II.pdf,BPSC-SUB-02,Polity & Governance,0.95,two_pass_taxonomy_v1,"Question addresses Constitutional provisions, Judicial principles, or Governance structures.",False,,
BPSC-Q-000099,2024,69th BPSC Mains,GS 2,Section I,Sub-c,8,English,**Caste Survey in Bihar:** Analyze the socio-economic implications and constitutional validity of the Bihar Caste-based Survey 2023.,2,69th_BPSC_MAINS_GS_PAPER-II.pdf,BPSC-SUB-02,Polity & Governance,0.95,two_pass_taxonomy_v1,"Question addresses Constitutional provisions, Judicial principles, or Governance structures.",False,,
BPSC-Q-000100,2024,69th BPSC Mains,GS 2,Section I,Sub-d,7,English,**EWS Reservation & Article 15(6)/16(6):** Discuss the 103rd Constitutional Amendment Act and the Supreme Court's ruling on EWS quotas.,2,69th_BPSC_MAINS_GS_PAPER-II.pdf,BPSC-SUB-02,Polity & Governance,0.95,two_pass_taxonomy_v1,"Question addresses Constitutional provisions, Judicial principles, or Governance structures.",False,,
BPSC-Q-000101,2024,69th BPSC Mains,GS 2,Section I,Sub-e,7,English,**Governor's Discretionary Powers:** Examine the controversy surrounding the role and discretionary powers of the Governor in state administration.,2,69th_BPSC_MAINS_GS_PAPER-II.pdf,BPSC-SUB-02,Polity & Governance,0.95,two_pass_taxonomy_v1,"Question addresses Constitutional provisions, Judicial principles, or Governance structures.",False,,
BPSC-Q-000102,2024,69th BPSC Mains,GS 2,Section I,2,38,English,**Long Answer Question (Polity):**,3,69th_BPSC_MAINS_GS_PAPER-II.pdf,BPSC-SUB-01,"History, Art & Culture",0.78,two_pass_taxonomy_v1,Assigned default Subject domain based on general studies context; flagged for human review.,True,,
BPSC-Q-000103,2024,69th BPSC Mains,GS 2,Section I,Sub-a,38,English,"""Electoral reforms are essential for sustaining vibrant democratic institutions."" Discuss major electoral challenges in India (criminalisation, money power, freebies) and evaluate measures like Electoral Bonds and One Nation One Election.",2,69th_BPSC_MAINS_GS_PAPER-II.pdf,BPSC-SUB-02,Polity & Governance,0.95,two_pass_taxonomy_v1,"Question addresses Constitutional provisions, Judicial principles, or Governance structures.",False,,
BPSC-Q-000104,2024,69th BPSC Mains,GS 2,Section I,Sub-b,38,English,"Critically analyze the Indian federal structure with focus on Centre-State fiscal relations, Governor's role, and emerging friction points between Union and State governments.",2,69th_BPSC_MAINS_GS_PAPER-II.pdf,BPSC-SUB-02,Polity & Governance,0.95,two_pass_taxonomy_v1,"Question addresses Constitutional provisions, Judicial principles, or Governance structures.",False,,
BPSC-Q-000105,2024,69th BPSC Mains,GS 2,Section I,3,38,English,**Short Answer Questions (Economy & Geography):**,3,69th_BPSC_MAINS_GS_PAPER-II.pdf,BPSC-SUB-03,Indian & Bihar Economy,0.92,two_pass_taxonomy_v1,"Question concerns Indian & Bihar Economic Policy, Industrialization, or Poverty Alleviation.",False,,
BPSC-Q-000106,2024,69th BPSC Mains,GS 2,Section I,Sub-a,8,English,**Indian Monsoon:** Explain the mechanism of the Indian Monsoon and the impact of El Niño / La Niña phenomena on agricultural production in Bihar.,2,69th_BPSC_MAINS_GS_PAPER-II.pdf,BPSC-SUB-04,Geography & Disaster Management,0.92,two_pass_taxonomy_v1,"Question focuses on Geography, Natural Resources, Monsoon, or Disaster Management.",False,Indian & Bihar Economy,0.7
BPSC-Q-000107,2024,69th BPSC Mains,GS 2,Section I,Sub-b,8,English,**PM Gati Shakti Master Plan:** Discuss how integrated multi-modal infrastructure planning reduces logistics costs in India.,2,69th_BPSC_MAINS_GS_PAPER-II.pdf,BPSC-SUB-03,Indian & Bihar Economy,0.92,two_pass_taxonomy_v1,"Question concerns Indian & Bihar Economic Policy, Industrialization, or Poverty Alleviation.",False,,
BPSC-Q-000108,2024,69th BPSC Mains,GS 2,Section I,Sub-c,8,English,**Agrarian Crisis in Bihar:** Identify key structural bottlenecks in Bihar's agriculture sector including land fragmentation and market linkages.,2,69th_BPSC_MAINS_GS_PAPER-II.pdf,BPSC-SUB-03,Indian & Bihar Economy,0.92,two_pass_taxonomy_v1,"Question concerns Indian & Bihar Economic Policy, Industrialization, or Poverty Alleviation.",False,,
BPSC-Q-000109,2024,69th BPSC Mains,GS 2,Section I,Sub-d,7,English,**Industrial Promotion Policy of Bihar:** Evaluate the salient features of Bihar Industrial Investment Promotion Policy with focus on food processing and ethanol production.,2,69th_BPSC_MAINS_GS_PAPER-II.pdf,BPSC-SUB-03,Indian & Bihar Economy,0.92,two_pass_taxonomy_v1,"Question concerns Indian & Bihar Economic Policy, Industrialization, or Poverty Alleviation.",False,,
BPSC-Q-000110,2024,69th BPSC Mains,GS 2,Section I,Sub-e,7,English,**Demographic Dividend:** Analyze India's demographic dividend window and the skill deficit challenges among youth.,2,69th_BPSC_MAINS_GS_PAPER-II.pdf,BPSC-SUB-03,Indian & Bihar Economy,0.92,two_pass_taxonomy_v1,"Question concerns Indian & Bihar Economic Policy, Industrialization, or Poverty Alleviation.",False,,
BPSC-Q-000111,2024,69th BPSC Mains,GS 2,Section I,4,38,English,**Long Answer Question (Economy & Geography):**,3,69th_BPSC_MAINS_GS_PAPER-II.pdf,BPSC-SUB-03,Indian & Bihar Economy,0.92,two_pass_taxonomy_v1,"Question concerns Indian & Bihar Economic Policy, Industrialization, or Poverty Alleviation.",False,,
BPSC-Q-000112,2024,69th BPSC Mains,GS 2,Section I,Sub-a,38,English,"Discuss the spatial distribution of natural resources in India and examine Bihar's industrial potential post-bifurcation, focusing on MSMEs, agro-industries, and renewable energy.",2,69th_BPSC_MAINS_GS_PAPER-II.pdf,BPSC-SUB-04,Geography & Disaster Management,0.92,two_pass_taxonomy_v1,"Question focuses on Geography, Natural Resources, Monsoon, or Disaster Management.",False,Indian & Bihar Economy,0.7
BPSC-Q-000113,2024,69th BPSC Mains,GS 2,Section I,5,38,English,**Short Answer Questions (Science & Tech):**,3,69th_BPSC_MAINS_GS_PAPER-II.pdf,BPSC-SUB-01,"History, Art & Culture",0.78,two_pass_taxonomy_v1,Assigned default Subject domain based on general studies context; flagged for human review.,True,,
BPSC-Q-000114,2024,69th BPSC Mains,GS 2,Section I,Sub-a,8,English,**Nanotechnology in Agriculture:** Discuss the applications of nano-fertilisers and smart delivery systems in improving crop yield.,2,69th_BPSC_MAINS_GS_PAPER-II.pdf,BPSC-SUB-05,Science & Technology,0.95,two_pass_taxonomy_v1,Question examines Science & Technology applications in governance and national development.,False,,
BPSC-Q-000115,2024,69th BPSC Mains,GS 2,Section I,Sub-b,8,English,**Renewable Energy Expansion:** Evaluate India's progress toward achieving 500 GW non-fossil energy capacity by 2030 (Panchamrit goals).,2,69th_BPSC_MAINS_GS_PAPER-II.pdf,BPSC-SUB-03,Indian & Bihar Economy,0.92,two_pass_taxonomy_v1,"Question concerns Indian & Bihar Economic Policy, Industrialization, or Poverty Alleviation.",False,,
BPSC-Q-000116,2024,69th BPSC Mains,GS 2,Section I,Sub-c,8,English,**National Quantum Mission:** Highlight the key objectives and strategic importance of India's National Quantum Mission.,2,69th_BPSC_MAINS_GS_PAPER-II.pdf,BPSC-SUB-05,Science & Technology,0.95,two_pass_taxonomy_v1,Question examines Science & Technology applications in governance and national development.,False,,
BPSC-Q-000117,2024,69th BPSC Mains,GS 2,Section I,Sub-d,7,English,**Waste-to-Energy Technologies:** Discuss modern municipal solid waste management technologies and their relevance for urban Bihar.,2,69th_BPSC_MAINS_GS_PAPER-II.pdf,BPSC-SUB-01,"History, Art & Culture",0.78,two_pass_taxonomy_v1,Assigned default Subject domain based on general studies context; flagged for human review.,True,,
BPSC-Q-000118,2024,69th BPSC Mains,GS 2,Section I,Sub-e,7,English,**Cyber Security Challenges:** Identify major cyber threats facing critical national infrastructure and examine India's cybersecurity framework.,2,69th_BPSC_MAINS_GS_PAPER-II.pdf,BPSC-SUB-05,Science & Technology,0.95,two_pass_taxonomy_v1,Question examines Science & Technology applications in governance and national development.,False,,
BPSC-Q-000119,2024,69th BPSC Mains,GS 2,Section I,6,38,English,**Long Answer Question (Science & Tech):**,3,69th_BPSC_MAINS_GS_PAPER-II.pdf,BPSC-SUB-01,"History, Art & Culture",0.78,two_pass_taxonomy_v1,Assigned default Subject domain based on general studies context; flagged for human review.,True,,
BPSC-Q-000120,2024,69th BPSC Mains,GS 2,Section I,Sub-a,38,English,"""Science and technology are essential drivers for poverty alleviation, disaster mitigation, and sustainable rural development."" Discuss this statement with concrete examples of technology deployment in Bihar (e.g. flood forecasting, digital health, e-governance).",2,69th_BPSC_MAINS_GS_PAPER-II.pdf,BPSC-SUB-05,Science & Technology,0.95,two_pass_taxonomy_v1,Question examines Science & Technology applications in governance and national development.,False,,
BPSC-Q-000121,2024,69th BPSC Mains,Essay,Section I,1,100,English,"""Not all those who wander are lost.""",3,69th_BPSC_MAINS_ESSAY.pdf,BPSC-SUB-08,Essay & Philosophical Themes,0.98,two_pass_taxonomy_v1,Question originates from official BPSC Essay Paper.,False,,
BPSC-Q-000122,2024,69th BPSC Mains,Essay,Section I,2,100,English,"""Education is the manifestation of perfection already in man.""",3,69th_BPSC_MAINS_ESSAY.pdf,BPSC-SUB-08,Essay & Philosophical Themes,0.98,two_pass_taxonomy_v1,Question originates from official BPSC Essay Paper.,False,,
BPSC-Q-000123,2024,69th BPSC Mains,Essay,Section I,3,100,English,"""Justice delayed is justice denied.""",3,69th_BPSC_MAINS_ESSAY.pdf,BPSC-SUB-08,Essay & Philosophical Themes,0.98,two_pass_taxonomy_v1,Question originates from official BPSC Essay Paper.,False,,
BPSC-Q-000124,2024,69th BPSC Mains,Essay,Section I,1,100,English,"Climate Change and Global South: Responsibility, Adaptation and Climate Justice.",3,69th_BPSC_MAINS_ESSAY.pdf,BPSC-SUB-08,Essay & Philosophical Themes,0.98,two_pass_taxonomy_v1,Question originates from official BPSC Essay Paper.,False,,
BPSC-Q-000125,2024,69th BPSC Mains,Essay,Section I,2,100,English,The role of Digital Public Infrastructure (DPI) in fostering inclusive economic growth in India.,3,69th_BPSC_MAINS_ESSAY.pdf,BPSC-SUB-08,Essay & Philosophical Themes,0.98,two_pass_taxonomy_v1,Question originates from official BPSC Essay Paper.,False,,
BPSC-Q-000126,2024,69th BPSC Mains,Essay,Section I,3,100,English,Women empowerment as a prerequisite for social development.,3,69th_BPSC_MAINS_ESSAY.pdf,BPSC-SUB-08,Essay & Philosophical Themes,0.98,two_pass_taxonomy_v1,Question originates from official BPSC Essay Paper.,False,,
BPSC-Q-000127,2024,69th BPSC Mains,Essay,Section I,1,100,Bilingual,"""पानी में मछरिया, नौ नौ कूट बखरिया"" (Counting chickens before they hatch: unverified expectations in socio-economic planning).",3,69th_BPSC_MAINS_ESSAY.pdf,BPSC-SUB-08,Essay & Philosophical Themes,0.98,two_pass_taxonomy_v1,Question originates from official BPSC Essay Paper.,False,,
BPSC-Q-000128,2024,69th BPSC Mains,Essay,Section I,2,100,Bilingual,"""खेती उत्तम, व्यापार मध्यम, चाकरी निषिद्ध"" (Evaluating traditional agrarian perspectives versus modern entrepreneurial imperatives in Bihar).",3,69th_BPSC_MAINS_ESSAY.pdf,BPSC-SUB-08,Essay & Philosophical Themes,0.98,two_pass_taxonomy_v1,Question originates from official BPSC Essay Paper.,False,,
BPSC-Q-000129,2024,69th BPSC Mains,Essay,Section I,3,100,Bilingual,"""बिना विचार जो करे, सो पाछे पछताय"" (Prudence, policy analysis, and foresight in governance).",3,69th_BPSC_MAINS_ESSAY.pdf,BPSC-SUB-08,Essay & Philosophical Themes,0.98,two_pass_taxonomy_v1,Question originates from official BPSC Essay Paper.,False,,
BPSC-Q-000130,2018,60th-62nd BPSC Mains,GS 1,Section I,1,38,English,Describe the people's participation in Bihar during the Quit India Movement of 1942. 38 1942	ds	Hkkjr	NksM+ksa	vkanksyu	ds	nkSjku	fcgkj	esa	tuHkkxhnkjh	dk	o.kZu	dhft;sA,2,BPSC-(60-62)-Mains-exam-GS-1.pdf,BPSC-SUB-01,"History, Art & Culture",0.95,two_pass_taxonomy_v1,"Question addresses Indian and Bihar Freedom Movement, Art, Architecture, or History.",False,,
BPSC-Q-000131,2018,60th-62nd BPSC Mains,GS 1,Section I,2,38,English,Discuss the development of Western education in Bihar from 1813 to 1947. 38 fcgkj	esa	 1813	ls	1947	rd	ik'pkR;	f'k{kk	ds	fodkl	dh	foospuk	dhft;sA,2,BPSC-(60-62)-Mains-exam-GS-1.pdf,BPSC-SUB-01,"History, Art & Culture",0.95,two_pass_taxonomy_v1,"Question addresses Indian and Bihar Freedom Movement, Art, Architecture, or History.",False,,
BPSC-Q-000132,2018,60th-62nd BPSC Mains,GS 1,Section I,3,38,English,"Throw light o Mauryan Art and analyze its impact in Bihar. 38 ekS;Z	dyk	ij	izdk'k	Mkfy;s	rFkk	fcgkj	esa	blds	izHkko	dk	fo'ys""k.k	dhft;sA",2,BPSC-(60-62)-Mains-exam-GS-1.pdf,BPSC-SUB-01,"History, Art & Culture",0.95,two_pass_taxonomy_v1,"Question addresses Indian and Bihar Freedom Movement, Art, Architecture, or History.",False,,
BPSC-Q-000133,2018,60th-62nd BPSC Mains,GS 1,Section I,4,38,English,"""Gandhi's	 mystique	consisted	of	a	union	of	original	ideas	with	a	remarkable	flair	for	tactics	and	an	uncanny insight in the mass mind."" Elucidate. 38 ¶xkaèkh	dh	jgL;kRedrk	esa	ekSfyd	fopkjksa	dk]	nko&isapksa	dh	lgt	izo`fÙk	vkSj	yksd	psruk	esa	vuks[kh	iSB	ds	lkFk vuks[kk	esy	'kkfey	gSA¸	O;k[;k	dhft;sA",2,BPSC-(60-62)-Mains-exam-GS-1.pdf,BPSC-SUB-01,"History, Art & Culture",0.95,two_pass_taxonomy_v1,"Question addresses Indian and Bihar Freedom Movement, Art, Architecture, or History.",False,,
BPSC-Q-000134,2018,60th-62nd BPSC Mains,GS 1,Section I,5,38,English,Evaluate the contribution of Rabindranath Tagor in Bengali literature and music. 38 caxyk	lkfgR;	rFkk	laxhr	esa	johaæukFk	VSxksj	ds	;ksxnku	dk	ewY;kadu	dhft;sA,2,BPSC-(60-62)-Mains-exam-GS-1.pdf,BPSC-SUB-01,"History, Art & Culture",0.78,two_pass_taxonomy_v1,Assigned default Subject domain based on general studies context; flagged for human review.,True,,
BPSC-Q-000135,2018,60th-62nd BPSC Mains,GS 1,Section I,6,38,English,Examine the main featurs of Foreign Policy of Jawaharlal Nehru. 38 tokgjyky	usg:	dh	fons'k&uhfr	ds	izeq[k	y{k.kksa	dk	ijh{k.k	dhft;sA [kaM&II / Section-II,2,BPSC-(60-62)-Mains-exam-GS-1.pdf,BPSC-SUB-06,Current Affairs & International Relations,0.95,two_pass_taxonomy_v1,"Question addresses International Relations, Contemporary Geopolitics, and Global Summits.",False,,
BPSC-Q-000136,2018,60th-62nd BPSC Mains,GS 1,Section I,7,38,English,"What is Doklam standoft? What were its underlying causes? What did India learn on diplomatic and strategic platform from its? Can the Gandhian philosophy be helpful in resolving such disputes? If yes, how? 38 Mksdyke	 xfrjksèk	D;k	gS\	blds	varfuZfgr	dkj.k	D;k	Fks\	Hkkjr	us	blls	jktuf;d	,oa	j.kuhfrd	eap	ij	D;k	lh[kk\ D;k	bl	izdkj	ds	fooknksa	dks	lqy>kus	esa	xk¡èkh	n'kZu	mi;ksxh	gks	ldrk	gS\	;fn	gk¡]	rks	dSls\",2,BPSC-(60-62)-Mains-exam-GS-1.pdf,BPSC-SUB-01,"History, Art & Culture",0.95,two_pass_taxonomy_v1,"Question addresses Indian and Bihar Freedom Movement, Art, Architecture, or History.",False,,
BPSC-Q-000137,2018,60th-62nd BPSC Mains,GS 1,Section I,8,38,English,"Elucidate the Demonetisation Scheme. In your views, up to what extent it was successful or unsuccessful? What	were	its	effects	on	the	Liquour	Ben	Policy	of	the	Bihar	Government?		 38",2,BPSC-(60-62)-Mains-exam-GS-1.pdf,BPSC-SUB-01,"History, Art & Culture",0.78,two_pass_taxonomy_v1,Assigned default Subject domain based on general studies context; flagged for human review.,True,,
BPSC-Q-000138,2018,60th-62nd BPSC Mains,GS 1,Section I,9,38,English,"Thoroughly explain the disputes between North Korea and America. Is United Nations playing an important role in resolving this dispute? If yes, How? And, if no, what are the underlying reasons? Give some suitable suggestions in resolving this issue. 38 mÙkj	 dksfj;k	,oa	vesfjdk	ds	chp	fookn	dks	foLrkj	ls	le>kb,A	D;k	bl	fookn	dks	gy	djus	esa	la;qDr	jk""Vª	,d egÙoiw.kZ	Hkwfedk	fuHkk	jgk	gS\	rks	dSls\	vkSj]	;fn	ugha]	rks	blds	varfuZfgr	dkj.k	D;k	gSa\	bl	fookn	dks	lqy>kus esa	dqN	mi;qDr	lq>ko	nhft;sA",3,BPSC-(60-62)-Mains-exam-GS-1.pdf,BPSC-SUB-01,"History, Art & Culture",0.78,two_pass_taxonomy_v1,Assigned default Subject domain based on general studies context; flagged for human review.,True,,
BPSC-Q-000139,2018,60th-62nd BPSC Mains,GS 1,Section I,10,38,English,"What is GST? What were the major reasons behind its introduction in India? What were the pros and cons of its implementation on India's economy and its monetary policy? 38 th-,l-Vh-	 D;k	gS\	Hkkjr	esa	blds	ifjp;	ds	ihNs	D;k	izeq[k	dkj.k	Fks\	Hkkjr	dh	vFkZO;oLFkk	,oa	ekSfæd	uhfr	ij blds	dk;kZUo;u	ls	D;k	ykHk	,oa	uqdlku	gq,\",3,BPSC-(60-62)-Mains-exam-GS-1.pdf,BPSC-SUB-03,Indian & Bihar Economy,0.92,two_pass_taxonomy_v1,"Question concerns Indian & Bihar Economic Policy, Industrialization, or Poverty Alleviation.",False,,
BPSC-Q-000140,2018,60th-62nd BPSC Mains,GS 1,Section I,11,38,English,"What do you understand by human rights? Throw light on the Universal Declaration of Human Rights (1948)	by	UNO.	What	were	the	major	efforts	made	by	the	Bihar	Government	in	fostering	them	in	last decade? 38 ekuokfèkdkjksa	 ls	vki	D;k	le>rs	gSa\	la;qDr	jk""Vª	la?k	}kjk	ekuokfèkdkjksa	dh	lkoZHkkSfed	?kks""k.kk	(1948)	ij	izdk'k Mkfy;sA	fcgkj	ljdkj	}kjk	fiNys	,d	n'k	esa	bUgsa	c<+kok	nsus	gsrq	D;k	izeq[k	iz;kl	fd;s	x,\",3,BPSC-(60-62)-Mains-exam-GS-1.pdf,BPSC-SUB-01,"History, Art & Culture",0.78,two_pass_taxonomy_v1,Assigned default Subject domain based on general studies context; flagged for human review.,True,,
BPSC-Q-000141,2018,60th-62nd BPSC Mains,GS 1,Section I,12,38,English,"Study	 the	following	line	graph	which	gives	the	percent	profit	earned	by	the	three	companies	A,	B	and	C during the period from 2011 to 2016 and answer the questions given below: 38 (a)  The income of company B in 2012 was `	60	Lakhs,	which	increased	by	30%	in	the	year	2013.	Find the expenditure of company B in the year 2013. (b) If the expenditure of companies A, B and C in the year 2016 were equal and their total income in that year was `	870	lakhs,	find	the	profit	of	each	company	in	that	year. (c) If the companies A, B and C had an expenditure of ` 200 lakhs, ` 300 lakhs and ` 400 lakhs repectively in	the	year	2014,	find	the	ratio	of	their	profits	in	2014. (d) If the incomes of companies A, B and C in the year 2015 were equal and their total expenditure in that year was `	1,835	lakhs,	find	the	profit	of	each	company	in	that	year. fuEu	js[kk&vkys[k	dk	vè;;u	dhft,]	ftlesa	rhu	daifu;ksa	 A, B	rFkk	C	}kjk	vftZr	izfr'kr	ykHk	vofèk	2011 ls	2016	rd	ds	fy;s	fn;k	x;k	gS]	rFkk	mu	iz'uksa	ds	mÙkj	nhft;s]	tks	blds	uhps	fn;s	x,	gSa%",3,BPSC-(60-62)-Mains-exam-GS-1.pdf,BPSC-SUB-01,"History, Art & Culture",0.78,two_pass_taxonomy_v1,Assigned default Subject domain based on general studies context; flagged for human review.,True,,
BPSC-Q-000142,2018,60th-62nd BPSC Mains,GS 1,Section I,13,6,English,"Study the data given in the following multiple bar chart which shows the production, export and import (in ` crore) of country X during the period from 2006 to 2013, and answer the questions given below it: (a) In which years the ratio of export and import was maximum and minimum for country X? What were those ratios? 6 (b) In which year the highest percent of its production was exported? What was that percentage value?6 (c) If for the country Y , the ratio of production, import and export is 7 : 6 : 5 and production in Y in the year 2014 is double the production in X in the year 2013, what was the value of the export and import from Y in the year 2014? 8",4,BPSC-(60-62)-Mains-exam-GS-1.pdf,BPSC-SUB-07,Statistical Analysis & Data Interpretation,0.98,two_pass_taxonomy_v1,Question requires Quantitative Data Interpretation and Statistical Analysis.,False,,
BPSC-Q-000143,2018,60th-62nd BPSC Mains,GS 1,Section I,14,38,English,"Study the following pie charts which shows the sales for a company in India in the year 2016-17 and answer the questions given below it: 38 (a) In the next year, the sales of cars were expected to be double, assuming that the total sales are increased by ` 200 million, what would be the percentage share of cars in the total sales? (b)	 If	 in	the	subsequent	year,	the	mobiles	are	to	increase	their	share	by	20%,	then	assumping	that	the total sales are again increased by ` 200 million, by how many millions of rupees the mobile sales would be increased? (c)	 If	 40%	of	the	cement	sales	were	in	Maharashtra,	then	what	was	the	value	of	sales	of	other	products",5,BPSC-(60-62)-Mains-exam-GS-1.pdf,BPSC-SUB-07,Statistical Analysis & Data Interpretation,0.98,two_pass_taxonomy_v1,Question requires Quantitative Data Interpretation and Statistical Analysis.,False,,
BPSC-Q-000144,2018,60th-62nd BPSC Mains,GS 1,Section I,15,38,English,"The following graph shows the expenditure on arms of the three countries A, B and C (in ` thousand millions). Answer the questions that follow on the basis of the graph: 38 (a) Which country had the steepest rise in its expenditure on arms compared to the previous year and in which year? 5 (b) What was the percentage increase in expenditure on arms of country A in 2017 compared to 2012? (c) The amount spent by country B in 2017 is what percentage of amount spent by it in 2011? 5 (d)	 If	 in	2018,	the	amount	spent	by	country	C	will	be	30%	more	than	that	in	the	last	year	and	the	amount",6,BPSC-(60-62)-Mains-exam-GS-1.pdf,BPSC-SUB-01,"History, Art & Culture",0.78,two_pass_taxonomy_v1,Assigned default Subject domain based on general studies context; flagged for human review.,True,,
BPSC-Q-000145,2018,60th-62nd BPSC Mains,GS 2,Section I,1,38,English,"“The Directive Principles of State Policy are not mere pious declaration but clear directions for the guidance of State Policy.” Comment and show how far they have been applied in practice.  38 ¶jkT; dh uhfr ds funZs'kd rÙo ifo=k ?kks""k.kk ek=k ugha gSa cfYd jkT; dh uhfr ds ekxZ&n'kZu ds fy;s lqLi""V funZs'k gSaA¸ O;k[;k dhft;s vkSj crkb;s fd os O;ogkj esa dgk¡ rd ykxw fd;s x;s gSaA",2,BPSC-(60-62)-Mains-exam-GS-2.pdf,BPSC-SUB-02,Polity & Governance,0.95,two_pass_taxonomy_v1,"Question addresses Constitutional provisions, Judicial principles, or Governance structures.",False,,
BPSC-Q-000146,2018,60th-62nd BPSC Mains,GS 2,Section I,2,38,English,Examine the concept of ‘Hindutva’. Is it against secularism? 38 ^fgUnqRo* vo/kj.kk dk ijh{k.k dhft;sA D;k ;g /eZfujis{kokn dk fojks/h gS\,2,BPSC-(60-62)-Mains-exam-GS-2.pdf,BPSC-SUB-02,Polity & Governance,0.95,two_pass_taxonomy_v1,"Question addresses Constitutional provisions, Judicial principles, or Governance structures.",False,,
BPSC-Q-000147,2018,60th-62nd BPSC Mains,GS 2,Section I,3,38,English,Identify the major pressure groups in Indian politics and examine their role in it.  38 Hkkjrh; jktuhfr esa çeq• ncko lewgksa dh igpku dhft;s vkSj Hkkjr dh jktuhfr esa mudh Hkwfedk dk ijh{k.k dhft;sA,2,BPSC-(60-62)-Mains-exam-GS-2.pdf,BPSC-SUB-01,"History, Art & Culture",0.78,two_pass_taxonomy_v1,Assigned default Subject domain based on general studies context; flagged for human review.,True,,
BPSC-Q-000148,2018,60th-62nd BPSC Mains,GS 2,Section I,4,38,English,Discuss the powers and actual position of the Governor in Bihar politics. 38 fcgkj dh jktuhfr esa jkT;iky dh 'kfDr;ksa rFkk okLrfod fLFkfr dk o.kZu dhft;sA [kaM&II@Section-II,2,BPSC-(60-62)-Mains-exam-GS-2.pdf,BPSC-SUB-02,Polity & Governance,0.95,two_pass_taxonomy_v1,"Question addresses Constitutional provisions, Judicial principles, or Governance structures.",False,,
BPSC-Q-000149,2018,60th-62nd BPSC Mains,GS 2,Section I,5,38,English,"“Not just providing employment but increasing the employability of the labour force is the main issue of a long-term employment policy in India.” Discuss this statement with special reference to knowledge and skill development through quality education and training. Also explain the trends and implications of sectorwise employment generation in the country after 2000. 38 ¶Hkkjr esa nh?kZdkyhu jks”kxkj uhfr dk eq[; eqík jks”kxkj çnku djuk ugha oju~ Je 'kfDr dh jks”kxkj {kerk dks c<+kuk gSA¸ bl dFku dk foospu xq.koÙkkiw.kZ f'k{k.k o çf'k{k.k ds ekiQZr Kku o n{krk ds fodkl ds fo'ks""k lanHkZ esa dhft;sA ns'k esa 2000 ds ckn {ks=kokj jks”kxkj l`tu dh ço`fÙk;ksa vkSj iQfyrkFkks± dks Hkh le>kb,A",2,BPSC-(60-62)-Mains-exam-GS-2.pdf,BPSC-SUB-01,"History, Art & Culture",0.95,two_pass_taxonomy_v1,"Question addresses Indian and Bihar Freedom Movement, Art, Architecture, or History.",False,,
BPSC-Q-000150,2018,60th-62nd BPSC Mains,GS 2,Section I,6,38,English,"Explain the growth and productivity trends of agriculture in India. Also suggest measures to improve productivity and increase farm income in the country. 38 Hkkjrh; Ñf""k esa lao`f¼ ,oa mRikndrk dh ço`fÙk;ksa dh O;k[;k dhft;sA ns'k esa mRikndrk esa lq/kj ykus vkSj Ñf""k vk; dks c<+kus ds mik; Hkh lq>kb;sA",2,BPSC-(60-62)-Mains-exam-GS-2.pdf,BPSC-SUB-03,Indian & Bihar Economy,0.92,two_pass_taxonomy_v1,"Question concerns Indian & Bihar Economic Policy, Industrialization, or Poverty Alleviation.",False,,
BPSC-Q-000151,2018,60th-62nd BPSC Mains,GS 2,Section I,7,38,English,"“Decentralized planning through the strengthening of the Panchyat system is the focus of planning in India in recent times.” While explaining this statement, suggest a blueprint for an integrated regional development plan. Also critically eñamine the decentralized planning scenario in India after the 73rd and 74th Amendments to the Constitution. 38 ¶gky dh vof/ esa iapk;r O;oLFkk ds l'kfDrdj.k ds ekè;e ls fodsafær fu;kstu Hkkjr dh vk;kstuk dk dsaæfcanq jgk gSA¸ bl dFku dks le>krs gq, lefUor çknsf'kd fodkl fu;kstu dh ,d :ijs•k çLrqr dhft;sA lafo/ku ds 73osa o 74osa la'kks/u ds ckn Hkkjr esa fodsafær fu;kstu ds ifjn`'; dk vkykspukRed ijh{k.k Hkh dhft;sA",3,BPSC-(60-62)-Mains-exam-GS-2.pdf,BPSC-SUB-02,Polity & Governance,0.95,two_pass_taxonomy_v1,"Question addresses Constitutional provisions, Judicial principles, or Governance structures.",False,,
BPSC-Q-000152,2018,60th-62nd BPSC Mains,GS 2,Section I,8,38,English,"What do you mean by public goods subsidy, merit goods subsidy and non-merit goods subsidy in India. Explain the recent trends and problems of food, fertilizer and petroleum subsidy in the country. 38 Hkkjr esa lkoZtfud oLrq vuqnku] esfjV oLrq vuqnku vkSj xSj&esfjV oLrq vuqnkuksa ls vkidk D;k rkRi;Z gS\ ns'k esa moZjd] •k| o isVªksfy;e vuqnkuksa dh leL;k rFkk gky gh dh ço`fÙk;ksa dks le>kb;sA [kaM&III@Section-III",3,BPSC-(60-62)-Mains-exam-GS-2.pdf,BPSC-SUB-01,"History, Art & Culture",0.78,two_pass_taxonomy_v1,Assigned default Subject domain based on general studies context; flagged for human review.,True,,
BPSC-Q-000153,2018,60th-62nd BPSC Mains,GS 2,Section I,9,36,English,"Pollution has become serious threat for India. Identify causes and indicate which mandatory steps should be taken by the Government and what should be voluntarily done by the public. 36 Hkkjr ds fy;s çnw""k.k xaHkhj •rjk cu x;k gSA blds dkj.kksa dh igpku dhft;s ,oa bafxr dhft;s fd 'kklu }kjk dkSu&ls vfuok;Z dne mBk, tkus pkfg;s ,oa turk }kjk dkSu&ls LoSfPNd dne mBk, tkus pkfg;sA",3,BPSC-(60-62)-Mains-exam-GS-2.pdf,BPSC-SUB-01,"History, Art & Culture",0.78,two_pass_taxonomy_v1,Assigned default Subject domain based on general studies context; flagged for human review.,True,,
BPSC-Q-000154,2018,60th-62nd BPSC Mains,GS 2,Section I,10,36,English,"With growing energy needs, should India keep on expanding its nuclear energy programmes. Discuss the facts and fears associated with nuclear energy. 36 ÅtkZ dh c<+rh gqbZ ”k:jrksa ds ifjçs{; esa D;k Hkkjr dks vius ukfHkdh; ÅtkZ dk;ZØeksa dk foLrkj tkjh j•uk pkfg;s\ ukfHkdh; ÅtkZ ls lacaf/r rF; ,oa Hk; dh foospuk dhft;sA",3,BPSC-(60-62)-Mains-exam-GS-2.pdf,BPSC-SUB-05,Science & Technology,0.95,two_pass_taxonomy_v1,Question examines Science & Technology applications in governance and national development.,False,,
BPSC-Q-000155,2018,60th-62nd BPSC Mains,GS 2,Section I,11,36,English,How do you see achievements of Indian Space Research Organization (ISRO). What are their next exciting targets. 36 Hkkjrh; varfj{k vuqla/ku laxBu (ISRO) dh miyfC/;ksa dks vki fdl rjg ns•rs gSa\ muds vxys jksekapd y{; D;k gSa\,3,BPSC-(60-62)-Mains-exam-GS-2.pdf,BPSC-SUB-01,"History, Art & Culture",0.78,two_pass_taxonomy_v1,Assigned default Subject domain based on general studies context; flagged for human review.,True,,
BPSC-Q-000156,2018,60th-62nd BPSC Mains,GS 2,Section I,12,36,English,What is 'UDAY' (Ujwal Discom Assurance Yojna)? Which States are partners in this Yojna? How is Bihar going to be benefitted by 'UDAY? 36 ^mn;* (mToy fMLdke v';ksjsal ;kstuk) D;k gS\ dkSu&ls jkT; bl ;kstuk ds Hkkxhnkj gSa\ fcgkj fdl rjg ls ^mn;* ls ykHkkfUor gksxk\,3,BPSC-(60-62)-Mains-exam-GS-2.pdf,BPSC-SUB-01,"History, Art & Culture",0.78,two_pass_taxonomy_v1,Assigned default Subject domain based on general studies context; flagged for human review.,True,,
BPSC-Q-000157,2019,63rd BPSC Mains,GS 1,Section I,1,38,English,"Describe	the	significance	of	Gandhiji's	social	and	cultural	thoughts.	 38 xk¡èkhth	ds	lkekftd	,oa	lkaLÑfrd	fopkjksa	dh	egÙkk	dk	o.kZu	dhft;sA",2,BPSC-(63rd)-Mains-exam-GS-1.pdf,BPSC-SUB-01,"History, Art & Culture",0.95,two_pass_taxonomy_v1,"Question addresses Indian and Bihar Freedom Movement, Art, Architecture, or History.",False,,
BPSC-Q-000158,2019,63rd BPSC Mains,GS 1,Section I,2,38,English,Discuss	the	development	of	western	education	in	Bihar	from	1857	 AD	to	1947	AD.	 38 fcgkj	esa	lu~	1857	ls	lu~	1947	rd	ik'pkR;	f'k{kk	ds	fodkl	dh	foospuk	dhft;sA,2,BPSC-(63rd)-Mains-exam-GS-1.pdf,BPSC-SUB-01,"History, Art & Culture",0.95,two_pass_taxonomy_v1,"Question addresses Indian and Bihar Freedom Movement, Art, Architecture, or History.",False,,
BPSC-Q-000159,2019,63rd BPSC Mains,GS 1,Section I,3,38,English,Discuss	the	contribution	of	Bihar	to	the	Uprising	of	1857	 AD.	 38 lu~	 1857	ds	foæksg	esa	fcgkj	ds	;ksxnku	dh	foospuk	dhft;sA,2,BPSC-(63rd)-Mains-exam-GS-1.pdf,BPSC-SUB-01,"History, Art & Culture",0.95,two_pass_taxonomy_v1,"Question addresses Indian and Bihar Freedom Movement, Art, Architecture, or History.",False,,
BPSC-Q-000160,2019,63rd BPSC Mains,GS 1,Section I,4,38,English,"Evaluate	the	causes	and	results	of	Revolt	of	Santhal	(1855-56)	in	Bihar.	 38 fcgkj	esa	laFkky	foæksg	 (1855-56)	ds	dkj.kksa	,oa	ifj.kkeksa	dk	ewY;kadu	dhft;sA",2,BPSC-(63rd)-Mains-exam-GS-1.pdf,BPSC-SUB-01,"History, Art & Culture",0.95,two_pass_taxonomy_v1,"Question addresses Indian and Bihar Freedom Movement, Art, Architecture, or History.",False,,
BPSC-Q-000161,2019,63rd BPSC Mains,GS 1,Section I,5,38,English,"Discuss	the	causes	and	results	of	Champaran	Satyagraha	in	Bihar	(1917).	 38 fcgkj	esa	paikj.k	lR;kxzg	 (1917)	ds	dkj.kksa	,oa	ifj.kkeksa	dk	o.kZu	dhft;sA",2,BPSC-(63rd)-Mains-exam-GS-1.pdf,BPSC-SUB-01,"History, Art & Culture",0.95,two_pass_taxonomy_v1,"Question addresses Indian and Bihar Freedom Movement, Art, Architecture, or History.",False,,
BPSC-Q-000162,2019,63rd BPSC Mains,GS 1,Section I,6,38,English,"Examine	the	salient	features	of	Patna	Kalam	Painting	Style.	 38 iVuk	dyke	fp=kdyk	'kSyh	dh	eq[;	fo'ks""krkvksa	dk	ijh{k.k	dhft;sA [kaM&II/Section-II",2,BPSC-(63rd)-Mains-exam-GS-1.pdf,BPSC-SUB-01,"History, Art & Culture",0.78,two_pass_taxonomy_v1,Assigned default Subject domain based on general studies context; flagged for human review.,True,,
BPSC-Q-000163,2019,63rd BPSC Mains,GS 1,Section I,7,38,English,"Explain	 the	 BIMSTEC 	 organization.	Throw	 light	 on	 the	 outcomes	 of	 recently	 concluded	 Kathmandu Smmit	of	BIMSTEC 	countries.	Discuss	the	issues	related	to	India's	interests,	hopes	and	grievances.	 38 fcElVsd	 laxBu	dks	Li""V	dhft;sA	fcElVsd	ns'kksa	ds	laxBu	dh	gky	esa	gq,	dkBekaMw	lEesyu	ds	ifj.kkeksa	ij izdk'k	Mkfy;sA	Hkkjr	ds	fgr]	vk'kk,¡	,oa	vis{kkvksa	ls	lacafèkr	fo""k;ksa	dh	foospuk	dhft;sA",2,BPSC-(63rd)-Mains-exam-GS-1.pdf,BPSC-SUB-01,"History, Art & Culture",0.78,two_pass_taxonomy_v1,Assigned default Subject domain based on general studies context; flagged for human review.,True,,
BPSC-Q-000164,2019,63rd BPSC Mains,GS 1,Section I,8,38,English,"Critically	 examine	the	Rohingya	Refugee	Crisis.	Describe	the	role	of	Myanmar,	China,	India	and	Bangladesh in	 evolution	 and	 resolution	 of	 the	 crisis.	Throw	 light	 on	 the	 viloation	 of	 Human	 Rights	 in	 context	 to Rohingya	Refugees.	 38 jksfgaX;k	 'kj.kkFkhZ	ladV	dh	vkykspukRed	foospuk	dhft;sA	bl	ladV	dh	mRifÙk	,oa	lekèkku	esa	E;kaekj]	phu]	Hkkjr ,oa	ckaXykns'k	dh	Hkwfedk	dk	o.kZu	dhft;sA	jksfgaX;k	'kj.kkfFkZ;ksa	ds	lanHkZ	esa	ekuokfèkdkjksa	ds	guu	ij	izdk'k	Mkfy;sA",2,BPSC-(63rd)-Mains-exam-GS-1.pdf,BPSC-SUB-01,"History, Art & Culture",0.78,two_pass_taxonomy_v1,Assigned default Subject domain based on general studies context; flagged for human review.,True,,
BPSC-Q-000165,2019,63rd BPSC Mains,GS 1,Section I,9,38,English,"What	 is	the	two	plus	two	dialogue?	Clear	the	two	plus	two	dialogue	between	India	and	the	USA	in	context to	India	and	Iran	bilateral	relations.	 38 Vw	 Iyl	Vw	okrkZ	D;k	gS\	Hkkjr	,oa	bZjku	ds	f}i{kh;	lacaèkksa	ds	lanHkZ	esa	Hkkjr	,oa	vesfjdk	ds	chp	gqbZ	Vw	Iyl	Vw okrkZ	dks	Li""V	dhft;sA",2,BPSC-(63rd)-Mains-exam-GS-1.pdf,BPSC-SUB-06,Current Affairs & International Relations,0.95,two_pass_taxonomy_v1,"Question addresses International Relations, Contemporary Geopolitics, and Global Summits.",False,,
BPSC-Q-000166,2019,63rd BPSC Mains,GS 1,Section I,10,38,English,"What	 do	you	know	about	NRC	dispute?	Illuminate	the	political	intentions	behind	it.	Discuss	the	international impacts	of	this	issue	also.		 	 38 ,u-vkj-lh-	 fookn	ls	vki	D;k	le>rs	gSa\	bl	fookn	esa	fufgr	jktuhfrd	ea'kkvksa	dks	Li""V	dhft;sA	bl	eqís	ds varjkZ""Vªh;	izHkkoksa	dh	Hkh	foospuk	dhft;sA",3,BPSC-(63rd)-Mains-exam-GS-1.pdf,BPSC-SUB-01,"History, Art & Culture",0.78,two_pass_taxonomy_v1,Assigned default Subject domain based on general studies context; flagged for human review.,True,,
BPSC-Q-000167,2019,63rd BPSC Mains,GS 1,Section I,11,38,English,"Elucidate	 the	international	terrorism.	How	is	the	international	community	today	trying	to	fight	the	menace of	international	terrorism?	What	is	UNO's	contribution?	 38 varjkZ""Vªh;	 vkradokn	dks	Li""V	dhft;sA	vkt	varjkZ""Vªh;	leqnk;	fdl	izdkj	varjkZ""Vªh;	vkradokn	ds	[krjs	dh	lekfIr ds	fy;s	iz;kl	dj	jgk	gSA	la;qDr	jk""Vª	la?k	dk	D;k	;ksxnku	gS\ [kaM&III/Section-III",3,BPSC-(63rd)-Mains-exam-GS-1.pdf,BPSC-SUB-01,"History, Art & Culture",0.78,two_pass_taxonomy_v1,Assigned default Subject domain based on general studies context; flagged for human review.,True,,
BPSC-Q-000168,2019,63rd BPSC Mains,GS 1,Section I,12,38,English,"In	 a	city	of	Maharashtra,	the	main	mode	of	transport	is	the	car.	The	following	chart	shows	the	population trends	and	car	use	trends	during	the	period	2011-2016.	Study	the	chart	and	answer	the	questions	that	follow: 38 (a)	 In	 2014,	if	the	females	used	30%	of	the	total	cars,	them	what	is	the	per	capita	use	of	cars	by	females in	2014?	 6 (b)	 What	is	the	average	percentage	increase	in	number	of	cars	over	the	period	2011-2016?		 6 (c)	 Find	the	year	in	which	the	ratio	of	males	to	that	of	females	was	the	highest.		 6 (d)	 If	 in	2012,	60%	of	cars	are	used	by	males,	then	what	is	the	percentage	of	males	and	females	who used	car	in	the	year	2012?		 6 (e)	 In	which	year	the	ratio	of	male	population	to	the	number	of	cars	int	he	city	was	lowest?		 6 (f)	 With	what	percentage,	the	number	of	cars	in	the	city	was	increased	from	2011	to	2016? egkjk""Vª	 ds	,d	'kgj	esa	;krk;kr	dk	eq[;	lkèku	dkj	gSA	uhps	fn;s	x,	ys[kkfp=k	esa	tula[;k	o`fÙk	rFkk	dkj	iz;ksx djus	dh	o`fÙk	dks	vofèk	2011	ls	2016	rd	ds	fy;s	n'kkZ;k	x;k	gSA	ys[kkfp=k	dk	vè;;u	dhft;s	rFkk	mlds uhps	fn;s	x,	iz'uksa	ds	mÙkj	nhft;s%",3,BPSC-(63rd)-Mains-exam-GS-1.pdf,BPSC-SUB-01,"History, Art & Culture",0.78,two_pass_taxonomy_v1,Assigned default Subject domain based on general studies context; flagged for human review.,True,,
BPSC-Q-000169,2019,63rd BPSC Mains,GS 1,Section I,13,6,English,"Study	 the	following	pie	charts,	which	show	the	expenditure	on	various	heads	in	the	second	and	third	Five- Y ear	Plans	(FYP)	and	answer	the	questions	given	below	it: (a)	 By	 what	percent,	the	expenditure	in	irrigation	increased	in	the	third	FYP	in	comparison	to	the	second FYP?		 6 (b)	 What	is	the	ratio	of	expenditures	in	village	industry	in	the	second	and	third	FYPs?		 6 (c)	 By	 what	 amount,	 the	 expenditure	 in	 agriculture	 in	 the	 third	 FYP	 should	 have	 been	 increased	 or decreased	so	that	to	make	it	2.5	times	the	expenditure	in	agriculture	in	the	second	FYP?		 6 (d)	 By	 what	percent,	the	expenditure	in	agriculture	in	the	third	FYP	is	higher	or	lower	than	the	expenditure in	industry	and	mining	in	the	second	FYP?	 6 (e)	 By	 what	amount,	the	expenditure	in	transportation	and	communication	increased	or	decreased	in	the third	FYP	in	comparison	in	second	FYP?	 6 (f)	 If	 the	total	expenditure	in	the	fourth	FYP	is	increased	by	80%	to	that	of	the	third	FYP	and	the	segment of	expenditure	on	social	service	and	miscellaneous	makes	an	angle	of	78º	at	the	centre	of	pie	chart for	the	fourth	FYP ,	then	what	will	be	the	expenditure	in	social	service	and	miscellaneous	in	the	fourth FYP? uhps	 fn;s	x,	ikbZ	js[kkfp=kksa	dk	vè;;u	dhft;s]	ftlesa	f}rh;	,oa	r`rh;	iapo""khZ;	;kstukvksa	esa	fofHkUu	enksa	esa	O;; fn[kk;k	x;k	gS	rFkk	mu	iz'uksa	ds	mÙkj	nhft;s]	tks	buds	uhps	fn;s	x,	gSa%",4,BPSC-(63rd)-Mains-exam-GS-1.pdf,BPSC-SUB-03,Indian & Bihar Economy,0.92,two_pass_taxonomy_v1,"Question concerns Indian & Bihar Economic Policy, Industrialization, or Poverty Alleviation.",False,,
BPSC-Q-000170,2019,63rd BPSC Mains,GS 1,Section I,14,38,English,"Study	 the	data	given	in	the	following	multiple	bar	chart,	which	shows	the	sex	ratio	in	Madhya	Pradesh during	the	period	from	1901	to	1971	and	answer	the	questions	given	below	it:	 38 (a)	 What	 are	the	ratios	of	femaels	per	1000	males	in	rural	and	urban	areas	of	Madhya	Pradesh	in	1941 and	1951	Census?	In	which	year	was	it	higher?	 6 (b)	 What	 is	the	percentage	change	in	females	per	1000	males	in	urban	areas	of	Madhya	Pradesh	in	1961 in	comparison	to	1931?	 6 (c)	 Compare	 the	ratio	of	females	per	1000	males	in	total	and	rural	areas	of	Madhya	Pradesh	in	1911	and 1921	Census.	In	which	year	was	it	higher?		 6 (d)	 In	 which	census	years,	were	the	female	sex	ratio	in	urban	areas	of	Madhya	Pradesh	highest	and lowest?	What	is	the	difference	between	these	two?		 6 (e)	 If	 in	1931	Census,	due	to	some	error	in	counting	15	females	per	100	males	were	wrongly	counted	in urban	area	instead	of	rural	area	of	Madhya	Pradesh,	then	what	should	have	been	the	actual	percentage of	females	per	1000	males	in	urban	area	of	Madhya	Pradesh	to	that	of	rural	area	in	1931?		 6 (f)	 If	 in	1971	Census,	there	were	90	crore	males	in	rural	areas	of	Madhya	Pradesh,	then	what	is	the difference	between	male	and	female	population	in	rural	areas	of	Madhya	Pradesh	in	1971? uhps	 fn;s	x,	cgq'kykdk	ys[kkfp=k	ds	vk¡dM+ksa	dk	vè;;u	dhft;s]	ftlesa	eè;	izns'k	esa	fyaxkuqikr	dks	vofèk	1901 ls	1971	rd	n'kkZ;k	x;k	gS	rFkk	mu	iz'uksa	ds	mÙkj	nhft;s]	tks	blds	uhps	fn;s	x,	gSa%",5,BPSC-(63rd)-Mains-exam-GS-1.pdf,BPSC-SUB-01,"History, Art & Culture",0.78,two_pass_taxonomy_v1,Assigned default Subject domain based on general studies context; flagged for human review.,True,,
BPSC-Q-000171,2019,63rd BPSC Mains,GS 1,Section I,15,38,English,"Study		 the	following	line	graph,	which	gives	the	Public	Sector	Banks	advance	(`	in	crores)	to	the	three priority	sectors,	viz.,	agriculture,	small-scale	industries	and	other	private	sectors	during	the	period	from 1970	to	1976	and	answer	the	questions	that	follow:	 38",6,BPSC-(63rd)-Mains-exam-GS-1.pdf,BPSC-SUB-03,Indian & Bihar Economy,0.92,two_pass_taxonomy_v1,"Question concerns Indian & Bihar Economic Policy, Industrialization, or Poverty Alleviation.",False,,
BPSC-Q-000172,2019,63rd BPSC Mains,GS 2,Section I,1,38,English,"Critically examine the role of Election Commission of India in the conduct of free and fair election. What purpose does the Electoral Identity Card serve in this regard? 38 Lora=k	 vkSj	fu""i{k	pquko	ds	lapkyu	esa	Hkkjr	ds	fuokZpu	vk;ksx	dh	Hkwfedk	xaHkhjrk	ls	tk¡p	djsaA	bl	lacaèk	esa pqukoh	igpku&i=k	fdl	mís';	ls	dk;Z	djrk	gS\",2,BPSC-(63rd)-Mains-exam-GS-2.pdf,BPSC-SUB-02,Polity & Governance,0.95,two_pass_taxonomy_v1,"Question addresses Constitutional provisions, Judicial principles, or Governance structures.",False,,
BPSC-Q-000173,2019,63rd BPSC Mains,GS 2,Section I,2,38,English,Do you agree that Indian Politics today primarily revolves around development politics rather than ascriptive politics? Discuss with reference to Bihar. 38 D;k	 vki	lger	gSa	fd	Hkkjrh;	jktuhfr	vkt	eq[;	:i	ls	o.kZukRed	jktuhfr	dh	ctk;	fodkl	jktuhfr	ds vkl&ikl	?kwerh	gS\	fcgkj	ds	lanHkZ	esa	ppkZ	djsaA,2,BPSC-(63rd)-Mains-exam-GS-2.pdf,BPSC-SUB-01,"History, Art & Culture",0.78,two_pass_taxonomy_v1,Assigned default Subject domain based on general studies context; flagged for human review.,True,,
BPSC-Q-000174,2019,63rd BPSC Mains,GS 2,Section I,3,38,English,What are the implications of growing regional political parties on the Indian party politics in recent times? 38 gky	ds	fnuksa	esa	Hkkjrh;	ikVhZ	dh	jktuhfr	ij	c<+rs	{ks=kh;	jktuhfrd	nyksa	ds	izHkko	D;k	gSa\,2,BPSC-(63rd)-Mains-exam-GS-2.pdf,BPSC-SUB-01,"History, Art & Culture",0.78,two_pass_taxonomy_v1,Assigned default Subject domain based on general studies context; flagged for human review.,True,,
BPSC-Q-000175,2019,63rd BPSC Mains,GS 2,Section I,4,38,English,What	 is	the	difference	between	Constitution	and	Constitutionalism?	Critically	discuss	the	doctrine	of	'basic structure'	as	enunciated	by	the	Supreme	Court	of	India.	 38 lafoèkku	 vkSj	laoSèkkfudrk	ds	chp	D;k	varj	gS\	Hkkjr	ds	lqizhe	dksVZ	}kjk	vuqeksfnr	^ewy	lajpuk*	ds	fl¼kar	ds ckjs	esa	xaHkhjrk	ls	tk¡p	djsaA,2,BPSC-(63rd)-Mains-exam-GS-2.pdf,BPSC-SUB-02,Polity & Governance,0.95,two_pass_taxonomy_v1,"Question addresses Constitutional provisions, Judicial principles, or Governance structures.",False,,
BPSC-Q-000176,2019,63rd BPSC Mains,GS 2,Section I,5,38,English,"Centrally	 Sponsored	 Schemes	 have	 always	 been	 a	 point	 of	 contention	 between	 the	 Centre	 and	 States. Discuss	by	citing	relevant	examples.	 38 dsaæ	 izk;ksftr	;kstuk,¡]	dsaæ	vkSj	jkT;ksa	ds	chp	ges'kk	fookn	dk	eqík	jgh	gSaA	izklafxd	mnkgj.kksa	dk	gokyk	nsrs	gq, ppkZ	djsaA [kaM&II/Section-II",2,BPSC-(63rd)-Mains-exam-GS-2.pdf,BPSC-SUB-01,"History, Art & Culture",0.78,two_pass_taxonomy_v1,Assigned default Subject domain based on general studies context; flagged for human review.,True,,
BPSC-Q-000177,2019,63rd BPSC Mains,GS 2,Section I,6,38,English,"Presently	 highlight	the	major	problems	of	Indian	agriculture	and	suggest	way	to	remove	them	adn	discuss the	major	programs	being	run	by	the	Government	for	the	development	of	Indian	agriculture.	 38 orZeku	 esa	Hkkjrh;	Ñf""k	dh	izeq[k	leL;kvksa	ij	izdk'k	Mkyrs	gq,	mUgsa	nwj	djus	gsrq	lq>ko	nsaA	lkFk	gh	Hkkjrh;	Ñf""k ds	fodkl	gsrq	ljdkj	}kjk	pyk,	tk	jgs	izeq[k	dk;ZØeksa	dh	ppkZ	djsaA",2,BPSC-(63rd)-Mains-exam-GS-2.pdf,BPSC-SUB-03,Indian & Bihar Economy,0.92,two_pass_taxonomy_v1,"Question concerns Indian & Bihar Economic Policy, Industrialization, or Poverty Alleviation.",False,,
BPSC-Q-000178,2019,63rd BPSC Mains,GS 2,Section I,7,38,English,"Discussing	 the	estimation	of	poverty	in	India,	explain	the	factors	responsible	for	poverty.	Which	programs are	being	run	by	the	Indian	government	to	remove	poverty?	 38 Hkkjr	 esa	xjhch	ds	vuqeku	ij	ppkZ	djrs	gq,	xjhch	ds	fy;s	f”kEesnkj	dkjdksa	dh	O;k[;k	djsaA	Hkkjr	ljdkj	}kjk xjhch	nwj	djus	ds	fy;s	dkSu&dkSu	ls	dk;ZØe	pyk,	tk	jgs	gSa\",3,BPSC-(63rd)-Mains-exam-GS-2.pdf,BPSC-SUB-03,Indian & Bihar Economy,0.92,two_pass_taxonomy_v1,"Question concerns Indian & Bihar Economic Policy, Industrialization, or Poverty Alleviation.",False,,
BPSC-Q-000179,2019,63rd BPSC Mains,GS 2,Section I,8,38,English,"Explain	 the	reasons	why	India's	major	large-scale	industries	have	been	estalished	in	geographical	areas	in some special areas. Explain main key industries of India. 38 Hkkjr	 ds	izeq[k	cM+s	iSekus	ds	m|ksx	HkkSxksfyd	n`f""V	ls	dqN	fo'ks""k	{ks=kksa	esa	gh	LFkkfir	gks	ik,	gSa]	blds	dkj.kksa	dh O;k[;k	djsa	,oa	Hkkjr	ds	izeq[k	cqfu;knh	m|ksxksa	dh	O;k[;k	djsaA",3,BPSC-(63rd)-Mains-exam-GS-2.pdf,BPSC-SUB-01,"History, Art & Culture",0.78,two_pass_taxonomy_v1,Assigned default Subject domain based on general studies context; flagged for human review.,True,,
BPSC-Q-000180,2019,63rd BPSC Mains,GS 2,Section I,9,38,English,"Explain	 in	detial	the	major	minerals	known	in	India.	Discuss	their	contribution	in	the	economic	development of	Indian	economy	as	well	as	tell	the	key	points	to	India's	new	mineral	policy.	 38 Hkkjr	 esa	ik,	tkus	okys	izeq[k	[kfutksa	dh	foLrkj	ls	O;k[;k	djsaA	Hkkjrh;	vFkZO;oLFkk	ds	vkfFkZd	fodkl	esa	buds ;ksxnku	dh	ppkZ	djsa]	lkFk	gh	Hkkjr	dh	ubZ	[kfut	uhfr	ds	izeq[k	ckrksa	dks	crk,¡A [kaM&III / Section-III",3,BPSC-(63rd)-Mains-exam-GS-2.pdf,BPSC-SUB-03,Indian & Bihar Economy,0.92,two_pass_taxonomy_v1,"Question concerns Indian & Bihar Economic Policy, Industrialization, or Poverty Alleviation.",False,,
BPSC-Q-000181,2019,63rd BPSC Mains,GS 2,Section I,10,36,English,"Explain	 in	detail,	how	the	advances	in	the	field	of	nuclear	energy	helped	in	the	development	of	our	country. Also	comment	on	the	use	of	nuclear	energy	in	power	production	field.	Outline	the	positive	and	negative sides of nuclear energy. 36 ukfHkdh;	 ÅtkZ	ds	{ks=k	esa	izxfr]	gekjs	ns'k	ds	fodkl	esa	fdl	izdkj	ls	lgk;d	gS]	foLrkj	ls	le>k,¡A	ukfHkdh; ÅtkZ	fdl	izdkj	ls	ns'k	dh	dqy	ÅtkZ	ds	mRiknu	ds	{ks=k	esa	lgk;d]	ppkZ	djsaA	ukfHkdh;	ÅtkZ	ds	ldkjkRed	,oa ½.kkRed	i{k	dks	Li""V	djsaA",3,BPSC-(63rd)-Mains-exam-GS-2.pdf,BPSC-SUB-05,Science & Technology,0.95,two_pass_taxonomy_v1,Question examines Science & Technology applications in governance and national development.,False,,
BPSC-Q-000182,2019,63rd BPSC Mains,GS 2,Section I,11,36,English,"What	 progress	 India	 has	 made	 in	 the	 field	 of	 space	 satellite	 launching?	 What	 are	 the	 advantage	 and disadvantage	of	launching	multisatellites	in	space?	How	does	the	entry	in	this	field	help	India	to	strengthen its economy? 36 mixzgksa	 dks	varfj{k	esa	LFkkfir	djus	ds	{ks=k	esa	Hkkjr	us	D;k	izxfr	dh	gS\	,d	ls	vfèkd	mixzgksa	dks	,dlkFk	varfj{k esa	Hksts	tkus	ds	ldkjkRed	,oa	½.kkRed	i{k	dks	Li""V	djsaA	Hkkjr	ds	bl	{ks=k	esa	izos'k	djus	ls	ns'k	dh	vFkZO;oLFkk dks	etcwr	djus	esa	fdl	izdkj	lgk;rk	feyh	gS\",3,BPSC-(63rd)-Mains-exam-GS-2.pdf,BPSC-SUB-03,Indian & Bihar Economy,0.92,two_pass_taxonomy_v1,"Question concerns Indian & Bihar Economic Policy, Industrialization, or Poverty Alleviation.",False,,
BPSC-Q-000183,2019,63rd BPSC Mains,GS 2,Section I,12,36,English,"What 	 do	 you	 mean	 by	 Software? 	 How	 is	 the	 Software 	 Industry	 backbone 	 of	 country's	 economic development?	Comment	on	the	development	of	computer	languages	and	our	country's	contribution	in	this era. 36 lkWÝVos;j	 ls	vki	D;k	le>rs	gSa\	ns'k	ds	vkfFkZd	fodkl	esa	dSls	lkWÝVos;j	m|ksx	jh<+	dh	gM~Mh	ds	leku	gS] le>k,¡A	daI;wVj	dh	Hkk""kkvksa	ds	fodkl	ij	viuk	er	Li""V	djsa	rFkk	le>k,¡	fd	gekjs	ns'k	dk	bl	{ks=k	esa	D;k ;ksxnku	gS\",3,BPSC-(63rd)-Mains-exam-GS-2.pdf,BPSC-SUB-01,"History, Art & Culture",0.78,two_pass_taxonomy_v1,Assigned default Subject domain based on general studies context; flagged for human review.,True,,
BPSC-Q-000184,2019,63rd BPSC Mains,GS 2,Section I,13,36,English,"What	 do	you	mean	by	Global	Warming?	How	is	India	contributing	in	minimising	its	effects?	Comment on	saying,	""The	world	would	submerge	in	water	in	coming	future	by	the	mistakes	committed	by	human being	of	this	planet"".	 36 Xykscy	 ok²ex	D;k	gS\	Xykscy	ok²ex	ls	gksus	okys	izHkko	dks	de	djus	ds	fy;s	fd;s	tkus	okys	iz;klksa	esa	Hkkjr dk	D;k	;ksxnku	gS\	¶fudV	Hkfo"";	esa	iwjk	fo'o]	bl	xzg	ds	ekuo	ds	}kjk	dh	tkus	okyh	xyfr;ksa	ds	dkj.k]	ikuh esa	Mwc	tk,xkA¸	mDr	dFku	ij	vius	fopkj	Li""V	djsaA",3,BPSC-(63rd)-Mains-exam-GS-2.pdf,BPSC-SUB-01,"History, Art & Culture",0.78,two_pass_taxonomy_v1,Assigned default Subject domain based on general studies context; flagged for human review.,True,,
BPSC-Q-000185,2019,64th BPSC Mains,GS 1,Section I,1,38,English,"Critically examine the evoluation of Indian nationalism since the late 19th century. 38 19 oha	lnh	ds	mÙkjk¼Z	ls	Hkkjrh;	jk""Vªokn	ds	fodkl	dh	vkykspukRed	leh{kk	dhft;sA",2,BPSC-64th-Mains-exam-GS-1.pdf,BPSC-SUB-01,"History, Art & Culture",0.78,two_pass_taxonomy_v1,Assigned default Subject domain based on general studies context; flagged for human review.,True,,
BPSC-Q-000186,2019,64th BPSC Mains,GS 1,Section I,2,38,English,"""Champaran Satyagraha is a watershed in the freedom struggle."" Elucidate. 38 ¶paikj.k	lR;kxzg	Lokèkhurk	la?k""kZ	dk	,d	fu.kkZ;d	eksM+	FkkA¸",2,BPSC-64th-Mains-exam-GS-1.pdf,BPSC-SUB-01,"History, Art & Culture",0.95,two_pass_taxonomy_v1,"Question addresses Indian and Bihar Freedom Movement, Art, Architecture, or History.",False,,
BPSC-Q-000187,2019,64th BPSC Mains,GS 1,Section I,3,38,English,"What were the reasons behind overseas immigrationin the 19th century British India? Discuss in the light of the indenture system wiwth special reference to Bihar. 38 19oha	lnh	ds	fczfV'kdkyhu	Hkkjr	esa	leqæ	ikjf;rk	ikjaxr	ds	D;k	dkj.k	Fks\	fcgkj	ds	fo'ks""k	lanHkZ	esa	baMsapj	i¼fr ds	vkyksd	esa	foospuk	dhft;sA",2,BPSC-64th-Mains-exam-GS-1.pdf,BPSC-SUB-01,"History, Art & Culture",0.95,two_pass_taxonomy_v1,"Question addresses Indian and Bihar Freedom Movement, Art, Architecture, or History.",False,,
BPSC-Q-000188,2019,64th BPSC Mains,GS 1,Section I,4,38,English,"Examine the characteristics of tribal protest in the 19 th century with suitable examples. Give reasons for their failure. 38 mi;qDr	 mnkgj.k	lfgr	19oha	lnh	esa	tutkrh;	izfrjksèk	dh	fo'ks""krkvksa	dh	leh{kk	dhft;sA	mudh	vliQyrk	ds dkj.k	crkb,A",2,BPSC-64th-Mains-exam-GS-1.pdf,BPSC-SUB-01,"History, Art & Culture",0.78,two_pass_taxonomy_v1,Assigned default Subject domain based on general studies context; flagged for human review.,True,,
BPSC-Q-000189,2019,64th BPSC Mains,GS 1,Section I,5,38,English,"Discuss the features of Mauryan art and architecture and its relationship with Buddhism. 38 ekS;Z	 dyk	rFkk	Hkou&fuekZ.k	dyk	dh	fo'ks""krkvksa	dks	Li""V	dhft;s	rFkk	ckS¼	èkeZ	ds	lkFk	muds	lacaèk	ij	Hkh	izdk'k Mkfy;sA",2,BPSC-64th-Mains-exam-GS-1.pdf,BPSC-SUB-01,"History, Art & Culture",0.95,two_pass_taxonomy_v1,"Question addresses Indian and Bihar Freedom Movement, Art, Architecture, or History.",False,,
BPSC-Q-000190,2019,64th BPSC Mains,GS 1,Section I,6,38,English,"Write short notes on any two of the following: 19×2=38 (a) Working Class and National Movement (b) Impact of census of 1881 on caste and religious identities (c) Nehru and secularism fuEufyf[kr	esa	ls	fdUgha	nks	ij	laf{kIr	fVIif.k;k¡	fyf[k;s% (d)	 etnwj	oxZ	vkSj	jk""Vªh;	vkanksyu ([k)	 tkfr	vkSj	èkeZ	ls	tqM+h	igpku	ij	 1881	dh	tux.kuk	dk	izHkko (x)	 usg:	vkSj	èkeZ&fujis{krk",2,BPSC-64th-Mains-exam-GS-1.pdf,BPSC-SUB-02,Polity & Governance,0.95,two_pass_taxonomy_v1,"Question addresses Constitutional provisions, Judicial principles, or Governance structures.",False,,
BPSC-Q-000191,2019,64th BPSC Mains,GS 1,Section I,7,38,English,"What is the major focus of UNDP Human Development Report, 2019? In what way does the analysis go beyong income, average and present condition? Critically examine. 38 ;w,uMhih	 áweu	MsoyiesaV	fjiksVZ]	2019	dk	izeq[k	fo""k;	D;k	gS\	fo'ys""k.k	fdl	izdkj	vk;]	vkSlr	vkSj	orZeku fLFkfr	ds	vkxs	pyk	tkrk	gS\	vkykspukRed	leh{kk	dhft;sA",3,BPSC-64th-Mains-exam-GS-1.pdf,BPSC-SUB-01,"History, Art & Culture",0.78,two_pass_taxonomy_v1,Assigned default Subject domain based on general studies context; flagged for human review.,True,,
BPSC-Q-000192,2019,64th BPSC Mains,GS 1,Section I,8,38,English,Discuss the prospects of trade promotion between Afghanistan and India with the launching of New Export Route to and from India through Chabahar Port. 38 pkcgkj	 canjxkg	ls	gksus	okys	Hkkjr	ds	u;s	vk;kr&fu;kZr	ekxZ	ds	izekspu	ls	viQxkfuLrku	vkSj	Hkkjr	ds	chp	O;kikj izksRlkgu	dh	laHkkoukvksa	dh	foospuk	dhft;sA,3,BPSC-64th-Mains-exam-GS-1.pdf,BPSC-SUB-01,"History, Art & Culture",0.78,two_pass_taxonomy_v1,Assigned default Subject domain based on general studies context; flagged for human review.,True,,
BPSC-Q-000193,2019,64th BPSC Mains,GS 1,Section I,9,38,English,"Critically examine the key variables that support well-being as per the United Nationsl Sustainable Development Solutions Network. 38 la;qDr	 jk""Vª	fVdkÅ	fodkl	lekèkku	usVodZ	ds	vuqlkj	lq[knkf;rk	ds	leFkZd	izeq[k	lwpdksa	dh	leh{kkRed	vkykspuk dhft;sA",3,BPSC-64th-Mains-exam-GS-1.pdf,BPSC-SUB-01,"History, Art & Culture",0.78,two_pass_taxonomy_v1,Assigned default Subject domain based on general studies context; flagged for human review.,True,,
BPSC-Q-000194,2019,64th BPSC Mains,GS 1,Section I,10,38,English,"Why does India has an open-door policy with Nepal and Bhutan as regards free movement of people between the two nations? Explain. 38 nks	 jk""Vªksa	ds	chp	yksxksa	ds	eqDr	vkokxeu	dk	tgk¡	rd	loky	gS]	Hkkjr	us	usiky	vkSj	HkwVku	ds	lkFk	eqDr	}kj	uhfr D;ksa	viuk;k	gS\	le>kb,A",3,BPSC-64th-Mains-exam-GS-1.pdf,BPSC-SUB-01,"History, Art & Culture",0.78,two_pass_taxonomy_v1,Assigned default Subject domain based on general studies context; flagged for human review.,True,,
BPSC-Q-000195,2019,64th BPSC Mains,GS 1,Section I,11,38,English,"Discuss the UAE's invitation for India as a Guest of Honour to attend the OIC Foreign Ministers Meet as a signal change in geopolitical dynamics. 38 Hkwjktdh;	 xfr'khyrk	esa	lkadsfrd	ifjorZu	ds	:i	esa	vksvkbZlh	ds	fons'k	eaf=k;ksa	ds	lEesyu	esa	Hkkx	ysus	ds	fy;s Hkkjr	dks	vfrfFk&fo'ks""k	ds	:i	esa	;w,bZ	ds	fuea=k.k	dk	foospu	dhft;sA [kaM&III/Section-III",3,BPSC-64th-Mains-exam-GS-1.pdf,BPSC-SUB-01,"History, Art & Culture",0.78,two_pass_taxonomy_v1,Assigned default Subject domain based on general studies context; flagged for human review.,True,,
BPSC-Q-000196,2019,64th BPSC Mains,GS 1,Section I,12,38,English,"The following charts depict the distribution of overseas tourists from India to various countries and also the age distribution of trourists from India during the year 2017: 38 (a)	 If	 amogest	the	European	Union,	Switzerland	accounts	for	25%	of	trourists	traffic	and	it	is	known from	official	Swiss	records	that	a	total	of	4	lakh	Indian	trourists	visited	Switzerland	during	the	year 2017, then how many total number of Indian trourists in the age group of 40-49 years went abrorad from India during the year 2017? (b) If the total number of trourists of age group 30-49 is 2400000, what is the number of tourists who are more than 60 years of age? (c) If total number of Indian trourists who went to China more than 40 years of age, was 360000 constituted 30% of total tourists to China, then how many tourists of other age groups went to China?",3,BPSC-64th-Mains-exam-GS-1.pdf,BPSC-SUB-01,"History, Art & Culture",0.78,two_pass_taxonomy_v1,Assigned default Subject domain based on general studies context; flagged for human review.,True,,
BPSC-Q-000197,2019,64th BPSC Mains,GS 1,Section I,13,,English,The following multiple bar chart shows production of same type of vehicle (in thousands) for a period of three years by selected manufacturers and the line chart shows prices of vehicles in the year 2017:,4,BPSC-64th-Mains-exam-GS-1.pdf,BPSC-SUB-07,Statistical Analysis & Data Interpretation,0.98,two_pass_taxonomy_v1,Question requires Quantitative Data Interpretation and Statistical Analysis.,False,,
BPSC-Q-000198,2019,64th BPSC Mains,GS 1,Section I,14,38,English,"The following graph shows the populations of three countreis during the years 2012-17: 38 (a) What percent of total population is accounted by the country A in the year 2017? (b) If the sex ratios of countries B and C in the year 2016 were 106.5 and 105.2, what is the number of females in these countries? (c) If the number of females in the country A in the year 2014 is 21.25 crores, what is the sex ratio of country A in the year 2017? (d) Which year recorded the maximum growth of population in three countries? (e) Which year recorded the minimum growth of the population? fuEu	js[kkfp=k	o""kZ	 2012-17	ds	nkSjku	rhu	ns'kksa	dh	tula[;k	dks	n'kkZrk	gS% (d)	 o""kZ	 2017	esa	ns'k	A	dh	tula[;k]	dqy	tula[;k	dk	fdruk	izfr'kr	gS\ ([k)	 ;fn	 ns'kksa	B	vkSj	C	esa	o""kZ	2016	esa	fyax	vuqikr	106.5	vkSj	105.2	Fks]	rks	bu	ns'kksa	esa	fL=k;ksa	dh	la[;k fdruh	gS\",6,BPSC-64th-Mains-exam-GS-1.pdf,BPSC-SUB-01,"History, Art & Culture",0.78,two_pass_taxonomy_v1,Assigned default Subject domain based on general studies context; flagged for human review.,True,,
BPSC-Q-000199,2019,64th BPSC Mains,GS 1,Section I,15,36,English,"The graph below gives exports (` in thousand crore) from three companies X, Y and Z over three years. Study the line graph and answer the questions given below: 36 (a) Average annual exports for companies X and Y , respectively are approximately what percent of the average annual exports of company Z during the given period? (b)	 What	 is	the	difference	between	the	maximum	and	the	minimum	average	annual	export	over	the	years? (c) In which years, the average annual exports of the companies were same? (d) In which years, the exports from company Z were more than the average annual exports of all the companies? (e) What is the percent increase in the total export of all the companies during the years 2015-2017 in companies to the years 2011-2014? uhps	 fn,	gq,	js[kkfp=k	rhu	daifu;ksa	X, Y	vkSj	Z	ls	rhu	o""kks±	ds	fu;kZr	vk¡dM+s	(`	gtkj	djksM+	esa)	n'kkZrk	gSA js[kkfp=k	dk	vè;;u	dhft;s	vkSj	uhps	fn;s	x,	iz'uksa	ds	mÙkj	nhft;s% (d)	 nh	 xbZ	vofèk	esa	daiuh	X vkSj	daiuh	Y	dk	vkSlr	okf""kZd	fu;kZr]	daiuh	Z	ds	vkSlr	okf""kZd	fu;kZr	dk fdruk	izfr'kr	gS\ ([k)	 fn;s	x,	o""kks±	esa	vfèkdre	vkSj	U;wure	vkSlr	okf""kZd	fu;kZr	ds	chp	D;k	varj	gS\ (x)	 fdu	o""kks±	esa	daifu;ksa	ds	vkSlr	okf""kZd	fu;kZr	,dleku	Fks\ (?k)	 fdu	o""kks±	esa	diuh	 Z	dk	fu;kZr]	lHkh	daifu;ksa	ds	la;qDr	vkSlr	okf""kZd	fu;kZr	ls	vfèkd	Fkk\ (Ä)	 o""kZ	 2015&2017	ds	nkSjku	lHkh	daifu;ksa	ds	dqy	fu;kZr	esa]	o""kZ	2011-14	dh	rqyuk	esa	fdrus	izfr'kr	o`f¼ ntZ	dh	xbZ\",7,BPSC-64th-Mains-exam-GS-1.pdf,BPSC-SUB-07,Statistical Analysis & Data Interpretation,0.98,two_pass_taxonomy_v1,Question requires Quantitative Data Interpretation and Statistical Analysis.,False,,
BPSC-Q-000200,2019,64th BPSC Mains,GS 2,Section I,1,38,English,"""The Indian Constitution postulates in its Preamble that India shall be a socialist, secular, democratic republic."" What are the constitutional provisions to enforce this declaration? 38 ¶Hkkjrh;	 lafoèkku	viuh	izLrkouk	esa	Hkkjr	dks	,d	lektoknh]	èkeZfujis{k]	yksdrkaf=kd	x.kjkT;	?kksf""kr	djrk	gSA¸ bl	?kks""k.kk	dks	fØ;kfUor	djus	ds	fy;s	dkSu&ls	laoSèkkfud	micaèk	fn;s	x,	gSa\",2,BPSC-64th-Mains-exam-GS-2.pdf,BPSC-SUB-02,Polity & Governance,0.95,two_pass_taxonomy_v1,"Question addresses Constitutional provisions, Judicial principles, or Governance structures.",False,,
BPSC-Q-000201,2019,64th BPSC Mains,GS 2,Section I,2,38,English,"Critically examine the role of Governor in the State politicss in India, particularly in Bihar. Is he a mere puppet? 38 Hkkjr	 esa	jkT;	dh	jktuhfr	esa	jkT;iky	dh	Hkwfedk	dk	vkykspukRed	ijh{k.k	dhft;s]	fo'ks""k	:i	ls	fcgkj	ds	lanHkZ esaA	D;k	og	dsoy	,d	dBiqryh	gS\",2,BPSC-64th-Mains-exam-GS-2.pdf,BPSC-SUB-02,Polity & Governance,0.95,two_pass_taxonomy_v1,"Question addresses Constitutional provisions, Judicial principles, or Governance structures.",False,,
BPSC-Q-000202,2019,64th BPSC Mains,GS 2,Section I,3,38,English,"""Judicial activism is a recent phenomenon in the Indian governance."" Comment and bring out the main argument in favour and against of judicial activism. 38 ¶Hkkjrh;	 'kklu	esa	U;kf;d	lfØ;rk	,d	uohu	èkkj.kk	gSA¸	foospuk	dhft;s	rFkk	U;kf;d	lfØ;rk	ds	i{k	vkSj foi{k	esa	fn;s	x,	eq[;	rdks±	dks	Li""V	dhft;sA",2,BPSC-64th-Mains-exam-GS-2.pdf,BPSC-SUB-02,Polity & Governance,0.95,two_pass_taxonomy_v1,"Question addresses Constitutional provisions, Judicial principles, or Governance structures.",False,,
BPSC-Q-000203,2019,64th BPSC Mains,GS 2,Section I,4,38,English,"""Too many political parties are the bane of Indian politics."" Explain this fact in the context of Bihar. 38 ¶cgqr	 vfèkd	jktuSfrd	ny	Hkkjrh;	jktuhfr	ds	fy;s	vfHk'kki	gSaA¸	bl	rF;	dks	fcgkj	ds	ifjizs{;	esa	Li""V	dhft;sA [kaM&II/Section-II",2,BPSC-64th-Mains-exam-GS-2.pdf,BPSC-SUB-01,"History, Art & Culture",0.78,two_pass_taxonomy_v1,Assigned default Subject domain based on general studies context; flagged for human review.,True,,
BPSC-Q-000204,2019,64th BPSC Mains,GS 2,Section I,5,38,English,Critically examine theneed of 'food security' in India. 38 Hkkjr	esa	^[kk|	lqj{kk*	dh	vko';drk	dk	vkykspukRed	ijh{k.k	dhft;sA,2,BPSC-64th-Mains-exam-GS-2.pdf,BPSC-SUB-01,"History, Art & Culture",0.78,two_pass_taxonomy_v1,Assigned default Subject domain based on general studies context; flagged for human review.,True,,
BPSC-Q-000205,2019,64th BPSC Mains,GS 2,Section I,6,38,English,Explain the role of WTO in the cotext of Indian economy. 38 Hkkjrh;	vFkZO;oLFkk	ds	ifjizs{;	esa	fo'o	O;kikj	laxBu	dh	Hkwfedk	dh	O;k[;k	dhft;sA,2,BPSC-64th-Mains-exam-GS-2.pdf,BPSC-SUB-03,Indian & Bihar Economy,0.92,two_pass_taxonomy_v1,"Question concerns Indian & Bihar Economic Policy, Industrialization, or Poverty Alleviation.",False,,
BPSC-Q-000206,2019,64th BPSC Mains,GS 2,Section I,7,38,English,Evaluate the principal achievements of Indian economic planning. 38 Hkkjrh;	vkfFkZd	fu;kstu	dh	eq[;	miyfCèk;ksa	dk	ewY;kadu	dhft;sA,2,BPSC-64th-Mains-exam-GS-2.pdf,BPSC-SUB-01,"History, Art & Culture",0.78,two_pass_taxonomy_v1,Assigned default Subject domain based on general studies context; flagged for human review.,True,,
BPSC-Q-000207,2019,64th BPSC Mains,GS 2,Section I,8,38,English,"""Unless the growth of population in checked in India, the economic development cannot be judged in its true perspective."" Examine the statement. 38 ¶tc	 rd	Hkkjr	esa	tula[;k	o`f¼	vo#¼	ugha	dh	tkrh]	rc	rd	vkfFkZd	fodkl	dks	mlds	lgh	:i	esa	ugha	ns[kk tk	ldrkA¸	bl	dFku	dk	ijh{k.k	dhft;sA [kaM&III / Section-III",3,BPSC-64th-Mains-exam-GS-2.pdf,BPSC-SUB-01,"History, Art & Culture",0.78,two_pass_taxonomy_v1,Assigned default Subject domain based on general studies context; flagged for human review.,True,,
BPSC-Q-000208,2019,64th BPSC Mains,GS 2,Section I,9,36,English,"Despite	 the	fact	that	India	has	got	a	very	good	network	of	rivers,	there	are	several	regions	that	suffer	water shortage and particularly potable water. Discuss the role of science and technology in water management to address this problem citing examples. 36 Hkkjr	 esa	ufn;ksa	dk	lqn`<+	tky	gksus	ds	ckn	Hkh	dbZ	,sls	{ks=k	gSa]	tks	tykiwfrZ	vkSj	fo'ks""k	:i	ls	is;ty	dh	deh ls	tw>	jgs	gSaA	bl	leL;k	ds	lekèkku	gsrq	ty	izcaèku	esa	foKku	,oa	izkS|ksfxdh	dh	Hkwfedk	dh	lksnkgj.k	foospuk dhft;sA",3,BPSC-64th-Mains-exam-GS-2.pdf,BPSC-SUB-01,"History, Art & Culture",0.78,two_pass_taxonomy_v1,Assigned default Subject domain based on general studies context; flagged for human review.,True,,
BPSC-Q-000209,2019,64th BPSC Mains,GS 2,Section I,10,36,English,"With ever-rising electricity demand and depleting convetional energy resources, country is facing acture power shortage at present. Describe in detial the means provided by present-day science and technology to overcome the grueling energy demands. 36 fo|qr	 [kir	dh	c<+rh	ek¡x	,oa	yxkrkj	?kVrs	ikjaifjd	ÅtkZ	lzksrksa	ds	dkj.k	ns'k	orZeku	esa	fo|qr	ÅtkZ	dh	deh ls	tw>	jgk	gSA	bl	fodV	ÅtkZ	[kir	ek¡x	dks	fu;af=kr	djus	ds	fy;s	orZeku	esa	foKku	,oa	izkS|ksfxdh	}kjk	iznÙk ekè;eksa	dk	foLrkj	ls	o.kZu	dhft;sA",3,BPSC-64th-Mains-exam-GS-2.pdf,BPSC-SUB-01,"History, Art & Culture",0.78,two_pass_taxonomy_v1,Assigned default Subject domain based on general studies context; flagged for human review.,True,,
BPSC-Q-000210,2019,64th BPSC Mains,GS 2,Section I,11,36,English,"Present-day	 government	is	trying	to	develop	smart	cities	in	different	States.	What	are	your	visions	about smart. cities? Elucidate the role of sciene and technology in the development of ideal smart cities. 36 orZeku	 ljdkj	fofHkUu	jkT;ksa	esa	LekVZ	'kgj	fodflr	djus	ds	fy;s	iz;kljr	gSA	LekVZ	'kgjksa	ds	ckjs	esa	vkidh	D;k ifjdYiuk,¡	gSa\	vkn'kZ	LekVZ	'kgj	ds	fodkl	esa	foKku	,oa	izkS|ksfxdh	dh	Hkwfedk	dh	O;k[;k	dhft;sA",3,BPSC-64th-Mains-exam-GS-2.pdf,BPSC-SUB-01,"History, Art & Culture",0.78,two_pass_taxonomy_v1,Assigned default Subject domain based on general studies context; flagged for human review.,True,,
BPSC-Q-000211,2019,64th BPSC Mains,GS 2,Section I,12,36,English,"Manifold increase of population and non-planning has led to disproportionate garbage generation. Discuss the	different	types	of	wastes.	How	can	the	country	eradicate	this	problem	with	the	help	of	science	and technology Describe in detial. 36 tula[;k	 esa	cgqeq[kh	o`f¼	,oa	v&;kstuk	ds	iQyLo:i	vlaxr	dpjk	mRiUu	gqvk	gSA	fofHkUu	izdkj	ds	dpjs	dh foopsuk	dhft;sA	bl	leL;k	dks	ns'k	fdl	izdkj	foKku	,oa	izkS|ksfxdh	dh	lgk;rk	ls	nwj	dj	ldrk	gS\	foLrkj ls	o.kZu	dhft;sA",3,BPSC-64th-Mains-exam-GS-2.pdf,BPSC-SUB-01,"History, Art & Culture",0.78,two_pass_taxonomy_v1,Assigned default Subject domain based on general studies context; flagged for human review.,True,,
BPSC-Q-000212,2020,65th BPSC Mains,GS 1,Section I,1,38,English,What	were	the	causes	of	the	Revolt	of	1857?	What	effect	did	it	have	on	Bihar?	 38 1857	ds	foæksg	ds	D;k	dkj.k	Fks\	fcgkj	esa	mldk	izHkko	D;k	Fkk\,2,BPSC-65th-Mains-Exam-GS-1.pdf,BPSC-SUB-01,"History, Art & Culture",0.95,two_pass_taxonomy_v1,"Question addresses Indian and Bihar Freedom Movement, Art, Architecture, or History.",False,,
BPSC-Q-000213,2020,65th BPSC Mains,GS 1,Section I,2,38,English,Describe	the	spread	of	Western	Education	in	Bihar	between	1858-1914.	 38,2,BPSC-65th-Mains-Exam-GS-1.pdf,BPSC-SUB-01,"History, Art & Culture",0.95,two_pass_taxonomy_v1,"Question addresses Indian and Bihar Freedom Movement, Art, Architecture, or History.",False,,
BPSC-Q-000214,2020,65th BPSC Mains,GS 1,Section I,1858,,English,1914 	ds	nkSjku	fcgkj	esa	ik'pkR;	f'k{kk	ds	laizlkj	dk	o.kZu	dhft;sA,2,BPSC-65th-Mains-Exam-GS-1.pdf,BPSC-SUB-01,"History, Art & Culture",0.78,two_pass_taxonomy_v1,Assigned default Subject domain based on general studies context; flagged for human review.,True,,
BPSC-Q-000215,2020,65th BPSC Mains,GS 1,Section I,3,38,English,"Write	a	note	on	Swami	Sahajanand	and	the	Kisan	Sabha	Movement.	 38 Lokeh	lgtkuan	vkSj	fdlku	lHkh	vkanksyu	ij	,d	fVIi.kh	fyf[k;sA",2,BPSC-65th-Mains-Exam-GS-1.pdf,BPSC-SUB-01,"History, Art & Culture",0.95,two_pass_taxonomy_v1,"Question addresses Indian and Bihar Freedom Movement, Art, Architecture, or History.",False,,
BPSC-Q-000216,2020,65th BPSC Mains,GS 1,Section I,4,38,English,Explain	the	social	and	economic	ideas	of	Ram	Manohar	Lohia	and	Jayaprakash	Narayan.	 38 jke	euksgj	yksfg;k	vkSj	t;izdk'k	ukjk;.k	ds	lkekftd	vkSj	vkfFkZd	fparu	dh	O;k[;k	dhft;sA,2,BPSC-65th-Mains-Exam-GS-1.pdf,BPSC-SUB-01,"History, Art & Culture",0.95,two_pass_taxonomy_v1,"Question addresses Indian and Bihar Freedom Movement, Art, Architecture, or History.",False,,
BPSC-Q-000217,2020,65th BPSC Mains,GS 1,Section I,5,38,English,"Discuss	the	features	of	Pala	art	and	architecture	and	its	relationship	with	Buddhism.	 38 iky	 dyk	rFkk	Hkou&fuekZ.k	dyk	dh	fo'ks""krkvksa	dks	Li""V	dhft;s	rFkk	ckS¼	èkeZ	ds	lkFk	muds	lacaèk	ij	Hkh izdk'k	Mkfy;sA",2,BPSC-65th-Mains-Exam-GS-1.pdf,BPSC-SUB-01,"History, Art & Culture",0.95,two_pass_taxonomy_v1,"Question addresses Indian and Bihar Freedom Movement, Art, Architecture, or History.",False,,
BPSC-Q-000218,2020,65th BPSC Mains,GS 1,Section I,6,38,English,Write	short	notes	on	any	two	of	the	following:	 19×2=38 (a)	Dr.	Rajendra	Prasad	and	the	National	Movement (b)	Gandhiji	views	on	caste	and	religion (c)	The	Dalit	Movement	in	Bihar.,2,BPSC-65th-Mains-Exam-GS-1.pdf,BPSC-SUB-01,"History, Art & Culture",0.95,two_pass_taxonomy_v1,"Question addresses Indian and Bihar Freedom Movement, Art, Architecture, or History.",False,,
BPSC-Q-000219,2020,65th BPSC Mains,GS 1,Section I,6,38,English,"fuEufyf[kr	esa	ls	fdUgha	nks	ij	laf{kIr	fVIif.k;k¡	fyf[k;s%	 19×2=38 (d)	MkW-	jktsaæ	izlkn	vkSj	jk""Vªh;	vkanksyu ([k)	tkfr	vkSj	èkeZ	ij	xk¡èkhth	ds	fopkj (x)	fcgkj	esa	nfyr	vkanksyu",2,BPSC-65th-Mains-Exam-GS-1.pdf,BPSC-SUB-01,"History, Art & Culture",0.78,two_pass_taxonomy_v1,Assigned default Subject domain based on general studies context; flagged for human review.,True,,
BPSC-Q-000220,2020,65th BPSC Mains,GS 1,Section I,7,38,English,"Discuss	the	pattern	of	globale	spread	of	Covid-19	pandemic	with	reference	to	the	international	migration and	trade.	 38 varjkZ""Vªh;	LFkkukarj.k	vkSj	O;kikj	ds	lanHkZ	esa	dksfoM& 19	egkekjh	ds	oSf'od	izlkj	ds	rjhds	dh	ppkZ	dhft;sA",3,BPSC-65th-Mains-Exam-GS-1.pdf,BPSC-SUB-01,"History, Art & Culture",0.78,two_pass_taxonomy_v1,Assigned default Subject domain based on general studies context; flagged for human review.,True,,
BPSC-Q-000221,2020,65th BPSC Mains,GS 1,Section I,8,38,English,"What	are	the	variables	of	the	World	Happiness	Report-2020?	Give	reasons	why	the	Nordic	countries	are considered	as	the	top	ranking	countries	in	the	world.	 38 fo'o	 [kq'kgkyh	fjiksVZ&2020	ds	foHksn	ds	D;k	gSa\	dkj.k	crkb,	fd	ukWfMZd	ns'kksa	dks	fo'o	esa	izFke&Lrjh;	ns'k	D;ksa ekuk	tkrk	gS\",3,BPSC-65th-Mains-Exam-GS-1.pdf,BPSC-SUB-01,"History, Art & Culture",0.78,two_pass_taxonomy_v1,Assigned default Subject domain based on general studies context; flagged for human review.,True,,
BPSC-Q-000222,2020,65th BPSC Mains,GS 1,Section I,9,38,English,Examine	the	recent	disasters	like	'Bushfire'	in	Australia	and	'Amazon	Burn'	in	Brazil	with	their	causes	and impacts	on	local	ecological	and	global	atmosheric	conditions.	 38 vkWLVªsfy;k	 ds	 ^taxyh	 vkx*	 (cq'k&iQk;j)	 vkSj	 czkthy	 ds	 ^ves”ku	 nkg*	 tSlh	 rkRdkfyd	 vkinkvksa	 dh	 muds dkj.kksa	vkSj	LFkkuh;	ikfjfLFkfrd	rFkk	oSf'od	okrkoj.kh;	n'kkvksa	ij	izHkko	lfgr	tk¡p	dhft;sA,3,BPSC-65th-Mains-Exam-GS-1.pdf,BPSC-SUB-04,Geography & Disaster Management,0.92,two_pass_taxonomy_v1,"Question focuses on Geography, Natural Resources, Monsoon, or Disaster Management.",False,Indian & Bihar Economy,0.7
BPSC-Q-000223,2020,65th BPSC Mains,GS 1,Section I,10,38,English,Explain	the	socio-economic 	and	ecological 	implications	 of	Covid-19	 lockdown	 in	India	with examples.	 38 Hkkjr	esa	dksfoM& 19	ykWdMkmu	ds	lkekftd&vkfFkZd	vkSj	ikfjfLFkfrd	fufgrkFkks±	dh	lksnkgj.k	O;k[;k	dhft;sA,3,BPSC-65th-Mains-Exam-GS-1.pdf,BPSC-SUB-01,"History, Art & Culture",0.78,two_pass_taxonomy_v1,Assigned default Subject domain based on general studies context; flagged for human review.,True,,
BPSC-Q-000224,2020,65th BPSC Mains,GS 1,Section I,11,38,English,"""With	'Mission	 Shakti',	 India	becomes	the	fourth	largest	space	power	in	the	world.""	Discuss	this statement.	 38 ¶fe'ku	 'kfDr*	 ds	 lkFk	 Hkkjr	 fo'o	 dh	 pkSFkh	 lcls	 cM+h	 varfj{k	 'kfDr	 cu	 x;k	 gSA¸	 bl	 dFku	 ij	 ppkZ dhft;sA [kaM&III/Section-III",3,BPSC-65th-Mains-Exam-GS-1.pdf,BPSC-SUB-01,"History, Art & Culture",0.78,two_pass_taxonomy_v1,Assigned default Subject domain based on general studies context; flagged for human review.,True,,
BPSC-Q-000225,2020,65th BPSC Mains,GS 1,Section I,12,38,English,"Given	below	is	a	pie	diagram	of	population	pertaining	to	the	year	1998	and	the	table	pertaining	to	sex	and literacy-wise	population	ratio	of	different	States	of	India.	Read	these	carefully	and	give	answers	to	the questions	that	follow:	 38 TN 9% AP 25% MP 20% Delhi 8% Goa 12% Bihar 11% UP 15% States Sex and Literacy-wise Population Ratio Sex Literacy Male Female Literate Illiterate AP 5 3 2 7 MP 3 1 1 4 Delhi 2 3 2 1 Goa 3 5 3 2 Bihar 3 4 4 1 UP 3 2 7 2 TN 3 4 9 4 Total population of the given States = 32,76,000",3,BPSC-65th-Mains-Exam-GS-1.pdf,BPSC-SUB-01,"History, Art & Culture",0.78,two_pass_taxonomy_v1,Assigned default Subject domain based on general studies context; flagged for human review.,True,,
BPSC-Q-000226,2020,65th BPSC Mains,GS 1,Section I,13,,English,The	following	chart	shows	the	production	of	cars	in	thousands	for	different	companies	in	India.	Read	the multiple	bar	diagram	and	answer	the	questions	given	below: Production	of	Cars	for	2002-05	period	from	the	selected	manufactures 0 5 10 15 20 25 2002-03,4,BPSC-65th-Mains-Exam-GS-1.pdf,BPSC-SUB-01,"History, Art & Culture",0.78,two_pass_taxonomy_v1,Assigned default Subject domain based on general studies context; flagged for human review.,True,,
BPSC-Q-000227,2020,65th BPSC Mains,GS 1,Section I,2003,,Unknown,04,4,BPSC-65th-Mains-Exam-GS-1.pdf,BPSC-SUB-01,"History, Art & Culture",0.78,two_pass_taxonomy_v1,Assigned default Subject domain based on general studies context; flagged for human review.,True,,
BPSC-Q-000228,2020,65th BPSC Mains,GS 1,Section I,2004,,English,05 Honda GM Maruti HM Hyundai,4,BPSC-65th-Mains-Exam-GS-1.pdf,BPSC-SUB-01,"History, Art & Culture",0.78,two_pass_taxonomy_v1,Assigned default Subject domain based on general studies context; flagged for human review.,True,,
BPSC-Q-000229,2020,65th BPSC Mains,GS 1,Section I,2004,36,English,"05? (c)	 What	are	the	ratios	of	total	production	of	cars	during	the	successive	years? (d)	 In	 2005-06,	the	production	of	cars	by	Maruti	and	Hindustan	Motors	was	doubled,	while	for	all other	companies	the	production	remains	the	same.	What	is	the	percentage	increase	in	overall production?		 8+10+10+8=36 uhps	 nh	gqbZ	cgq'kykdk	ys[kkfp=k	esa	Hkkjr	dh	fofHkUu	daifu;ksa	dh	dkjksa	ds	mRiknu	(g”kkj	esa)	dks	n'kkZ;k	x;k	gSA bldk	vè;;u	dhft;s	rFkk	fuEufyf[kr	iz'uksa	ds	mÙkj	nhft;s% o""kZ	2002	ls	2005	rd	dh	vofèk	esa	pqus	gq, fuekZrkvksa	dh	dkjksa	dk	mRiknu 0 5 10 15 20 25 2002-03",5,BPSC-65th-Mains-Exam-GS-1.pdf,BPSC-SUB-01,"History, Art & Culture",0.78,two_pass_taxonomy_v1,Assigned default Subject domain based on general studies context; flagged for human review.,True,,
BPSC-Q-000230,2020,65th BPSC Mains,GS 1,Section I,2003,,Unknown,04,5,BPSC-65th-Mains-Exam-GS-1.pdf,BPSC-SUB-01,"History, Art & Culture",0.78,two_pass_taxonomy_v1,Assigned default Subject domain based on general studies context; flagged for human review.,True,,
BPSC-Q-000231,2020,65th BPSC Mains,GS 1,Section I,2004,,English,"05 gksaMk tujy eksVlZ fganqLrku eksVlZ gqaMbZek#rh (d)	 fdu	 daifu;ksa	ds	mRiknu	esa	fiNys	o""kZ	dh	rqyuk	esa	vfèkdre	vkSj	U;wure	izfr'kr	dh	o`f¼	rFkk	gkfu	gqbZ gS\	okLrfod	izfr'kr	dk	mYys[k	Hkh	dhft;sA ([k)	 ek#rh	vkSj	gksaMk	ds	 2003&04	vkSj	2004&05	o""kZ	ds	mRiknuksa	ds	varj	dk	vuqikr	D;k	gS\ (x)	 lrr	o""kks±	esa	dkjksa	ds	dqy	mRiknu	ds	vuqikr	D;k	gSa\ (?k)	 o""kZ	 2005&06	esa	ek#rh	,oa	fganqLrku	eksVlZ	dh	dkjksa	dk	mRiknu	nksxquk	gks	x;k]	tcfd	ckfd	daifu;ksa	dk mRiknu	vifjofrZr	jgkA	dqy	mRiknu	esa	fdrus	izfr'kr	dh	o`f¼	gqbZ\",5,BPSC-65th-Mains-Exam-GS-1.pdf,BPSC-SUB-01,"History, Art & Culture",0.78,two_pass_taxonomy_v1,Assigned default Subject domain based on general studies context; flagged for human review.,True,,
BPSC-Q-000232,2020,65th BPSC Mains,GS 1,Section I,14,38,English,Study	the	following	graphs	and	answer	the	questions	given	below:	 38,5,BPSC-65th-Mains-Exam-GS-1.pdf,BPSC-SUB-01,"History, Art & Culture",0.78,two_pass_taxonomy_v1,Assigned default Subject domain based on general studies context; flagged for human review.,True,,
BPSC-Q-000233,2020,65th BPSC Mains,GS 1,Section I,2005,,English,"06? (b)	 In	how	many	hectares,	the	cotton	was	grown	in	2009-10	and	2010-11? (c)	 In	 which	year,	the	cotton	production	has	shown	maximum	percentage	decrease	as	compared	to	last year? (d)	 In	 which	year,	the	cotton	has	shown	maximum	percentage	increase	in	productivity	as	compared	to last	year? (e)	 In	which	year	cotton	cultivation	area	was	the	lowest	and	how	much	percentage	of	maximum	area? (f)	 Assuming	 cotton	price	as	`	1250	per	quintal,	what	would	have	been	the	income	of	a	farmer	who	had 5	hectares	of	cotton	area	in	2008-09? uhps	fn;s	gq,	xzkiQ	dk	voyksdu	dhft;s	vkSj	fn;s	gq,	iz'uksa	ds	mÙkj	nhft;s%",6,BPSC-65th-Mains-Exam-GS-1.pdf,BPSC-SUB-01,"History, Art & Culture",0.78,two_pass_taxonomy_v1,Assigned default Subject domain based on general studies context; flagged for human review.,True,,
BPSC-Q-000234,2020,65th BPSC Mains,GS 1,Section I,15,38,English,"Study		the	following	line	graph	which	gives	the	number	of	students	who	joined	and	left	the	school	in	the begining	of	the	year	for	six	years	from	1996	to	2001.	Initial	strength	of	the	school	in	1995	was	3000. Answer	the	questions	based	on	the	line	graph	given	below:	 38 (a)	 The	 number	of	students	studying	in	the	school	in	1998	was	what	percent	of	the	number	of	students studying	in	the	school	in	2001? (b)	 Find	 the	ratio	of	the	least	number	of	students	who	joined	the	school	to	the	maximum	number	of students	who	left	the	school	in	any	of	the	years	during	the	given	period. (c)	 During	which	year,	the	percentage	increase	in	the	strength	of	school	was	minimum? (d)	 What	was	the	percent	increase/decrease	in	the	number	of	students	from	1998	to	1999? (e)	 Find	 the	ratio	of	the	maximum	number	of	students	who	joined	the	school	to	the	minimum	number",7,BPSC-65th-Mains-Exam-GS-1.pdf,BPSC-SUB-01,"History, Art & Culture",0.78,two_pass_taxonomy_v1,Assigned default Subject domain based on general studies context; flagged for human review.,True,,
BPSC-Q-000235,2020,65th BPSC Mains,GS 2,Section I,1,38,English,"Do you agree with the view that our Constitution has given Fundamental Rights by one hand and taken them back by another hand? 38 D;k	 vki	bl	oDrO;	ls	lger	gSa	fd	gekjs	lafoèkku	us	,d	gkFk	ls	ekSfyd	vfèkdkj	fn;s	gSa]	fdarq	nwljs	gkFk	ls mUgsa	okil	ys	fy;k	gS\",2,BPSC-65th-Mains-Exam-GS-2.pdf,BPSC-SUB-02,Polity & Governance,0.95,two_pass_taxonomy_v1,"Question addresses Constitutional provisions, Judicial principles, or Governance structures.",False,,
BPSC-Q-000236,2020,65th BPSC Mains,GS 2,Section I,2,38,English,"""Indian Parliament is a non-sovereign law making institute."" Evaluate this statement. 38 ¶Hkkjrh;	laln	,d	xSj&izHkqrk	laiUu	fofèk&fuekZ=kh	laLFkk	gSA¸	bl	dFku	dh	leh{kk	dhft;sA",2,BPSC-65th-Mains-Exam-GS-2.pdf,BPSC-SUB-02,Polity & Governance,0.95,two_pass_taxonomy_v1,"Question addresses Constitutional provisions, Judicial principles, or Governance structures.",False,,
BPSC-Q-000237,2020,65th BPSC Mains,GS 2,Section I,3,38,English,"""The system of Indian Political Parties is not nationalistic but is individualistic."" Explain this fact in the context of Bihar State. 38 ¶Hkkjrh;	 jktuhfrd	nyh;	O;oLFkk	jk""VªksUeq[kh	u	gksdj	O;fDr&mUeq[kh	gSA¸	bl	rF;	dks	fcgkj	jkT;	ds	ifjizs{;	esa Li""V	dhft;sA",2,BPSC-65th-Mains-Exam-GS-2.pdf,BPSC-SUB-01,"History, Art & Culture",0.78,two_pass_taxonomy_v1,Assigned default Subject domain based on general studies context; flagged for human review.,True,,
BPSC-Q-000238,2020,65th BPSC Mains,GS 2,Section I,4,38,English,What do you understand by E-governance? Discuss the position of E-governance implementation in Bihar. 38 bZ&'kklu	ls	vki	D;	le>rs	gSa\	bZ&'kklu	dks	ykxw	djus	esa	fcgkj	dh	fLFkfr	dk	o.kZu	dhft;sA [kaM&II/Section-II,2,BPSC-65th-Mains-Exam-GS-2.pdf,BPSC-SUB-05,Science & Technology,0.95,two_pass_taxonomy_v1,Question examines Science & Technology applications in governance and national development.,False,,
BPSC-Q-000239,2020,65th BPSC Mains,GS 2,Section I,5,38,English,"Evaluate the production and productivity trends in Indian agriculture since 1991. What practical measures should be adopted to enhance agricultural production and productivity in Bihar. 38 Hkkjrh;	 Ñf""k	esa	1991	ls	lao`f¼	,oa	mRikndrk	dh	izo`fÙk;ksa	dh	O;k[;k	dhft;sA	fcgkj	esa	Ñf""k	mRiknu	vkSj	mldh mRikndrk	dks	c<+kus	ds	fy;s	D;k	O;kogkfjd	mik;	fd;s	tkus	pkfg;sA",2,BPSC-65th-Mains-Exam-GS-2.pdf,BPSC-SUB-03,Indian & Bihar Economy,0.92,two_pass_taxonomy_v1,"Question concerns Indian & Bihar Economic Policy, Industrialization, or Poverty Alleviation.",False,,
BPSC-Q-000240,2020,65th BPSC Mains,GS 2,Section I,6,38,English,"Discuss the relevance of economic planning in India in the post-economic reform era. In this context, explain that how State and market can play a synergetic role in the economic development of the country. 38 Hkkjr	 esa	vkfFkZd	lqèkkjksa	ds	ckn	ds	dky	esa	vkfFkZd	fu;kstu	dh	izklafxdrk	dh	foospuk	dhft;sA	bl	lanHkZ	esa le>kb,	fd	fdl	izdkj	jkT;	vkSj	ck”kkj	ns'k	ds	vkfFkZd	fodkl	esa	,d	ldkjkRed	Hkwfedk	fuckg	ldrs	gSaA",2,BPSC-65th-Mains-Exam-GS-2.pdf,BPSC-SUB-01,"History, Art & Culture",0.78,two_pass_taxonomy_v1,Assigned default Subject domain based on general studies context; flagged for human review.,True,,
BPSC-Q-000241,2020,65th BPSC Mains,GS 2,Section I,7,38,English,"What	 is	the	new	definition	of	micro,	small	and	medium	enterprises?	Critically	evaluate	the	role	of	MSMEs in boosting industrial growth and ensuring the success of Aatmanirbhar Bharat Abhiyan in India. 38 lw{e]	 y?kq	,oa	eè;e	miØeksa	dh	ubZ	ifjHkk""kk	crkb;sA	Hkkjr	esa	vkS|ksfxd	o`f¼	dh	xfr	dks	rhoz	djus	o	vkRefuHkZj Hkkjr	vfHk;ku	dh	liQyrk	dks	lqfuf'pr	djus	esa	bu	miØeksa	dh	Hkwfedk	dk	vkykspukRed	ewY;kadu	dhft;sA",3,BPSC-65th-Mains-Exam-GS-2.pdf,BPSC-SUB-03,Indian & Bihar Economy,0.92,two_pass_taxonomy_v1,"Question concerns Indian & Bihar Economic Policy, Industrialization, or Poverty Alleviation.",False,,
BPSC-Q-000242,2020,65th BPSC Mains,GS 2,Section I,8,38,English,"What are the main constraints in the rapid economic development of Bihar? How can these constraints be removed?  38 fcgkj	ds	rhoz	vkfFkZd	fodkl	esa	eq[;	ckèkk,¡	D;k	gSa\	bu	ckèkkvksa	dks	fdl	izdkj	nwj	fd;k	tk	ldrk	gS\ [kaM&III/Section-III",3,BPSC-65th-Mains-Exam-GS-2.pdf,BPSC-SUB-01,"History, Art & Culture",0.78,two_pass_taxonomy_v1,Assigned default Subject domain based on general studies context; flagged for human review.,True,,
BPSC-Q-000243,2020,65th BPSC Mains,GS 2,Section I,9,36,English,"In	 India,	'Make	in	India'	is	a	type	of	Swadeshi	Movement	launched	by	Modi	governement.	To	promote this movement, discuss the role of science and technology citing the examples in detail. 36 Hkkjr	 esa]	^esd	bu	bafM;k*	eksnh	ljdkj	}kjk	'kq:	fd;k	x;k	,d	izdkj	dk	Lons'kh	vkanksyu	gSA	bl	vkanksyu	dks xfr	nsus	ds	fy;s	foKku	,oa	izkS|ksfxdh	dh	Hkwfedk	dh	lksnkgj.k	foLrkj	ls	foospuk	dhft;sA",3,BPSC-65th-Mains-Exam-GS-2.pdf,BPSC-SUB-01,"History, Art & Culture",0.78,two_pass_taxonomy_v1,Assigned default Subject domain based on general studies context; flagged for human review.,True,,
BPSC-Q-000244,2020,65th BPSC Mains,GS 2,Section I,10,36,English,"In the present scenario, the key issues of the counrty are: ""Increasing population, higher health risks, degraded	natural	resources	and	dwindling	farm	lands"".	Discuss	at	least	four	scientific	initiatives	on	each of the four areas that you would like to apply. 36 orZeku	 ifjn`';	esa]	ns'k	ds	izeq[k	eqís	gSa%	¶c<+rh	gqbZ	tula[;k]	mPp	LokLF;	tksf[ke]	?kVrs	gq,	izkÑfrd	lalkèku vkSj	?kVrh	tk	jgh	Ñf""k	Hkwfe¸A	bu	pkjksa	{ks=kksa	esa	ls	izR;sd	ds	fy;s	de&ls&de	pkj	oSKkfud	iz;klksa	dh	ppkZ dhft;s]	ftUgsa	vki	ykxw	djuk	pkgsaxsA",3,BPSC-65th-Mains-Exam-GS-2.pdf,BPSC-SUB-01,"History, Art & Culture",0.78,two_pass_taxonomy_v1,Assigned default Subject domain based on general studies context; flagged for human review.,True,,
BPSC-Q-000245,2020,65th BPSC Mains,GS 2,Section I,11,36,English,"Bihar	 continues	to	experience	natural	disasters	like	floods	and	drought	on	a	regular	basis.	What	role	can science and technology play in disaster forecasting and management? Explain your answer with practical examples. 36 fcgkj	 yxkrkj	ck<+	rFkk	lw[ks	dh	izkÑfrd	vkinkvksa	dk	lkeuk	djrk	jgrk	gSA	bu	vkinkvksa	ds	iwokZuqeku	rFkk	izcaèku esa]	foKku	rFkk	izkS|ksfxdh	dh	D;k	Hkwfedk	gks	ldrh	gS\	vius	mÙkj	dks	izk;ksfxd	mnkgj.kksa	}kjk	le>kb,A",3,BPSC-65th-Mains-Exam-GS-2.pdf,BPSC-SUB-04,Geography & Disaster Management,0.92,two_pass_taxonomy_v1,"Question focuses on Geography, Natural Resources, Monsoon, or Disaster Management.",False,Indian & Bihar Economy,0.7
BPSC-Q-000246,2020,65th BPSC Mains,GS 2,Section I,12,36,English,"Discuss, in detail, what role can science and technology play to control the job crisis situation and to sustain the development of the nation due to Covid-19 situation. 36 dksfoM& 19	dh	fLFkfrd	ds	dkj.k	mRiUu	gqbZ	ukSdfj;ksa	ij	ladV	dh	fLFkfr	dks	fu;af=kr	djus	rFkk	jk""Vª	ds	fodkl dh	xfr	dks	cuk,	j[kus	ds	fy;s	foKku	vkSj	izkS|ksfxdh	D;k	Hkwfedk	fuHkk	ldrs	gSa]	bl	ij	foLrkj	ls	ppkZ	dhft;sA",3,BPSC-65th-Mains-Exam-GS-2.pdf,BPSC-SUB-01,"History, Art & Culture",0.78,two_pass_taxonomy_v1,Assigned default Subject domain based on general studies context; flagged for human review.,True,,
BPSC-Q-000247,2020,66th BPSC Mains,GS 2,Section I,77,,English,"II Time Allowed: 3 hours Maximum Marks : 300 H4: 3 qu2 T: 30o Instructions: The figures in the margin indicate full marks. Answer eight questions, selecting three each from Section-I and Section-II, and two from Section-III. Candidates are required to give their answers in their own words as far as practicable. All questions have been printed both in Hindi and English. In case of any ambiguity in Hindi version, the English version shall be considered authentic. Parts of the same question must be answered together and must not be interposed between answers to other questions. JT-21/59 ( Turn Over)",2,(2020)66thMainsGS2.pdf,BPSC-SUB-01,"History, Art & Culture",0.78,two_pass_taxonomy_v1,Assigned default Subject domain based on general studies context; flagged for human review.,True,,
BPSC-Q-000248,2020,66th BPSC Mains,GS 2,Section I,2,38,English,"SECTIONH TUS-I 1The role of the President of India is like an old man in family who has all the authorities, however, he cannot do anything effective if the naughty-young members of family do not 38 listen him."" Evaluate. .2 Indian federal structure is constitutionally oriented towards the Central Government. 38 Explain.",3,(2020)66thMainsGS2.pdf,BPSC-SUB-02,Polity & Governance,0.95,two_pass_taxonomy_v1,"Question addresses Constitutional provisions, Judicial principles, or Governance structures.",False,,
BPSC-Q-000249,2020,66th BPSC Mains,GS 2,Section I,3,38,English,"The uneven development of IndiaF States has created many socio-economic and political problems."" Critically analyse the statement with special reference to Bihar. 38 01/FF/Cc/M2021-03/59 (Continued )",3,(2020)66thMainsGS2.pdf,BPSC-SUB-01,"History, Art & Culture",0.78,two_pass_taxonomy_v1,Assigned default Subject domain based on general studies context; flagged for human review.,True,,
BPSC-Q-000250,2020,66th BPSC Mains,GS 2,Section I,4,,Unknown,,5,(2020)66thMainsGS2.pdf,BPSC-SUB-01,"History, Art & Culture",0.78,two_pass_taxonomy_v1,Assigned default Subject domain based on general studies context; flagged for human review.,True,,
BPSC-Q-000251,2020,66th BPSC Mains,GS 2,Section I,6,38,English,"What are the main causes of disparity in economic and social development prevalent in Bihar? Critically evaluate the measures taken by the Government to reduce these 38 inequalities. What do you understand by demographic dividendP According to the UNFPA Report, up to what time India specially Bihar will have opportunity to reap its benefit? Throw light on the steps taken by Bihar in this respect. 38 Aow is human development measured? What are seven commitments of Bihar Government for achieving human development agenda? Explain the schemes of the Government for achieving these goals. 38 01/FF/Cc/M-2021-03/59 (Continued)",5,(2020)66thMainsGS2.pdf,BPSC-SUB-03,Indian & Bihar Economy,0.92,two_pass_taxonomy_v1,"Question concerns Indian & Bihar Economic Policy, Industrialization, or Poverty Alleviation.",False,,
BPSC-Q-000252,2020,66th BPSC Mains,GS 2,Section I,5,36,English,SECTION-III TUS-III India is the second worst affected Covid-19 nation in the world. A fast vaccination process along with social distancing and mask use is the only solution to overcome the deadly virus. Describe the role played byy our nation in countering Covid-19 situation keeping in view the Make in India concept propounded by the Prime Minister. 36 (Turn Over ) 01/FF/Cc/M-2021-03/59,6,(2020)66thMainsGS2.pdf,BPSC-SUB-01,"History, Art & Culture",0.78,two_pass_taxonomy_v1,Assigned default Subject domain based on general studies context; flagged for human review.,True,,
BPSC-Q-000253,2020,66th BPSC Mains,GS 2,Section I,6,,English,"10 At present, search of life on another planet has been one of the objectives of scientists of several nations around the world. Discuss the developments of India in space research towards this objective particularly in the 36 21st century.",7,(2020)66thMainsGS2.pdf,BPSC-SUB-01,"History, Art & Culture",0.78,two_pass_taxonomy_v1,Assigned default Subject domain based on general studies context; flagged for human review.,True,,
BPSC-Q-000254,2020,66th BPSC Mains,GS 2,Section I,11,36,English,"""India has augered its defence system through inclusion of variety of arsenals under Make in India programme for its safety and security."" Justify this statement on the basis of scientific developments in defence technology. 36 01/FF/Cc/M-2021-03/59 (Continued)",7,(2020)66thMainsGS2.pdf,BPSC-SUB-01,"History, Art & Culture",0.78,two_pass_taxonomy_v1,Assigned default Subject domain based on general studies context; flagged for human review.,True,,
BPSC-Q-000255,2020,66th BPSC Mains,GS 2,Section I,7,,Unknown,,8,(2020)66thMainsGS2.pdf,BPSC-SUB-01,"History, Art & Culture",0.78,two_pass_taxonomy_v1,Assigned default Subject domain based on general studies context; flagged for human review.,True,,
BPSC-Q-000256,2020,66th BPSC Mains,GS 2,Section I,12,,English,Floods and drought in Bihar has been the major hurdles over the years which have constantly affected its growth and prosperity. Discuss the role of science and technology in this kind of disaster management with 36 typical examples. 01/FF/CC/M-2021-03/59 JT-21-000,8,(2020)66thMainsGS2.pdf,BPSC-SUB-04,Geography & Disaster Management,0.92,two_pass_taxonomy_v1,"Question focuses on Geography, Natural Resources, Monsoon, or Disaster Management.",False,Indian & Bihar Economy,0.7
BPSC-Q-000257,2025,70th BPSC Mains,Essay,Section I,1,,English,Importance of India in contemporary global perspective. (-\4cfi\J\-i ��cfi �� -q � � � I,2,70th_BPSC_Mains_Essay_Paper.pdf,BPSC-SUB-08,Essay & Philosophical Themes,0.98,two_pass_taxonomy_v1,Question originates from official BPSC Essay Paper.,False,,
BPSC-Q-000258,2025,70th BPSC Mains,Essay,Section I,2,,English,"Country development and information technology. � cfiT �cf>l{-1 � � l""�1fr1� 1\-",2,70th_BPSC_Mains_Essay_Paper.pdf,BPSC-SUB-08,Essay & Philosophical Themes,0.98,two_pass_taxonomy_v1,Question originates from official BPSC Essay Paper.,False,,
BPSC-Q-000259,2025,70th BPSC Mains,Essay,Section I,3,,English,Environmental imbalance is the destroyer of creation. 44iq{OI -:}H-t.:g�H � cfiT �-i l�lcf> i I,2,70th_BPSC_Mains_Essay_Paper.pdf,BPSC-SUB-08,Essay & Philosophical Themes,0.98,two_pass_taxonomy_v1,Question originates from official BPSC Essay Paper.,False,,
BPSC-Q-000260,2025,70th BPSC Mains,Essay,Section I,4,100,English,"Soil conservation and organic farming. � ""{-R� � � � I Section -II �-II Write an essay on any one of the following topics in about 700 to 800 words : 100 f4i:.iR1Rsa � -q ""ij � �� WlWJ 100 ""ij 800 � -q � � R-tftst!_",2,70th_BPSC_Mains_Essay_Paper.pdf,BPSC-SUB-08,Essay & Philosophical Themes,0.98,two_pass_taxonomy_v1,Question originates from official BPSC Essay Paper.,False,,
BPSC-Q-000261,2025,70th BPSC Mains,Essay,Section I,5,,English,Political will and national security. {l::ii.flRlcf> ��Mfcffi � � � �� I,2,70th_BPSC_Mains_Essay_Paper.pdf,BPSC-SUB-08,Essay & Philosophical Themes,0.98,two_pass_taxonomy_v1,Question originates from official BPSC Essay Paper.,False,,
BPSC-Q-000262,2025,70th BPSC Mains,Essay,Section I,6,,English,End of corruption and upliftment of the country. �6<'..l-ql( cfiT 3Mf � zyr cfiT � I 02/GO/CC/M-2025 - 38 (Turnover),2,70th_BPSC_Mains_Essay_Paper.pdf,BPSC-SUB-08,Essay & Philosophical Themes,0.98,two_pass_taxonomy_v1,Question originates from official BPSC Essay Paper.,False,,
BPSC-Q-000263,2025,70th BPSC Mains,Essay,Section I,9,,English,"Banle ke sathi sab kehu h auri bigdale ke kehu nahin. �if>�""(1Gl��3mt�11��t�� 1 O. Jiate machhi nahin ghontai. ftt�lffift��",3,70th_BPSC_Mains_Essay_Paper.pdf,BPSC-SUB-08,Essay & Philosophical Themes,0.98,two_pass_taxonomy_v1,Question originates from official BPSC Essay Paper.,False,,
BPSC-Q-000264,2025,70th BPSC Mains,Essay,Section I,11,38,English,"Bapak nam ·sag pat aa betak nam paror. ���'q@31l���, '\2. Jaisan boabad oisane katbad. ��3m��, 02/GO/CC/M-2025 - 38 100 I I --",3,70th_BPSC_Mains_Essay_Paper.pdf,BPSC-SUB-08,Essay & Philosophical Themes,0.98,two_pass_taxonomy_v1,Question originates from official BPSC Essay Paper.,False,,
BPSC-Q-000265,2025,70th BPSC Mains,GS 1,Section I,2,8,English,"(a) Describe the Champaran Indigo Movement and explain its impacts on the Indian freedom struggle. tjJ-yl{UI W 3il�ci-i ""chT cfUR cf))��� � f<:la;!dl � o/ � � � olf 1<§41 c;j;)R,:J Q, I Or/Jmcll (b) How far the British policy was responsible for the emergence of Indian National Movement? Explain. -+-'r+--r""Tri' -r.:J'T""rl-.�- �l{d)lf {16?14 311�1�H � � ii � PiRi�i com ocn ��cm: � ? � ch1M� I 8 8 8 7 7 38 38 ( Turn Q,, ver)",2,70th_BPSC_Mains_General_Studies_1.pdf,BPSC-SUB-01,"History, Art & Culture",0.95,two_pass_taxonomy_v1,"Question addresses Indian and Bihar Freedom Movement, Art, Architecture, or History.",False,,
BPSC-Q-000266,2025,70th BPSC Mains,GS 1,Section I,4,,English,"Answer the fol!owing questions : f.fCilcliGct �-!;ij � 3m � : Section -11 �-II (a) Discuss the direction of unity and coalition politics of opposition parties-··- ,. � defeat of Aam Aadmi Party in Delhi Assembly Elections, 2025. - ,.,.. ,,.,. ,..., ,. ,... ,-..... 3itt � � ll3Hlld ��TR� F.611 :il( I (b} Rassia-Ukraine war has completed three years. Throwing light on the cau-C85 this war, and discuss its effects on the Wortd politics . ... -1:l-1?h;J q-4;_ � m;J qt{ � iT TTll, � I � 1-2; . q1 6fi1JOO � �'"".fil!JI � ::'·· �·· �f{g � U-1;f1fr1 tIT. 4$4 q@ '!nilql q1l � 6h°1f.:10. I (c) Maha Kumbh Fair was organized in India from Monday, 13 January, 2025 26 February, 2025. How was this fair a symbol of Indian culture, religiot.JS -� and social harmony ? E plain 1ith example . 'qp;f ii lijqql{, 13 JH4ll, 20257:t 26 lfr'ct't, 2 025 � -qm ¥tl iri-J �� • r • r � lct)�I 1Tm I � liffi tllkilil ti' -'f, tj, t11f4•.f. fo�f.11':1 3W"" ':041f k-h 1140-PTI q, • • � r I"" � �: . 3i:1t.rn1 ffif.ii n.:r'< 4:1f:;1u_ I (2) (",3,70th_BPSC_Mains_General_Studies_1.pdf,BPSC-SUB-01,"History, Art & Culture",0.78,two_pass_taxonomy_v1,Assigned default Subject domain based on general studies context; flagged for human review.,True,,
BPSC-Q-000267,2025,70th BPSC Mains,GS 1,Section I,5,7,English,"(a) Uttarakhand has became the first state to implement the Uniform Civil Code in India. Explain the Uniform Civil Code in this regard. Also explain with examples, what changes will it bring to the Indian society on social, cultural, religious and legal basis. {b Jn(H.§Os � ii Q.cfi84H 1111i{ch � 'RT1l c.fi8 cfTcil � � q.I TTm % I �a � i1 Q.c684H 111114..i:h zj�a1 cfiT 84$1�4 , �ti� � m ii - ,.... ""I' ,... ,.., ,. � J31l.llts;ti:h� Bltj>loEfi, '4114Efi cf4T � 3lfcn{ tR o/-fl 41(c\d1 � cfiT �<;l�(□I -8f:<1 � 6h11 :iQ. I Or/31W-11 OiSCUSS the Constitutional provisions governing Presidents Rule in India, 05 for the imposition of Presidents Rule in Manipur recently andgiving reaso itS effectiveness in the present times. also evaluate ., r � � f4�f;fn cf.8 ciTet �mf.rq; �m;n ti""{ � tn1, � � ll � • . . -;r,fTTJ 3frl cIBtfR nn-.. .., ., r i:y 11'--<;qfc, � 'WIN. ;fr-{ tf; cfiTtUl --,,11, w1-, lt � it ll� . .. 'm l{r'416h.:i � I -� $l • �t:f (q-!11' •••• ( 3) 7 7 38 38",4,70th_BPSC_Mains_General_Studies_1.pdf,BPSC-SUB-02,Polity & Governance,0.95,two_pass_taxonomy_v1,"Question addresses Constitutional provisions, Judicial principles, or Governance structures.",False,,
BPSC-Q-000268,2025,70th BPSC Mains,GS 1,Section I,6,72,English,"(a) Discuss the concept of 'One Nation, One Election' and its implication onthe federal Structure of India. What are the potential advantages anddisadvantages of synchronizing elections to the Lok Sabha and StateAssemblies ? Analyze. ·� �' � �· <fit. 31q� om 1:rRo ii, m:tnT �TR� f.l�a,l!f 'TT iCfirf'R I l'lii:fim:n � � fci�3TT ii,� <lit ll;i:f, m2T ciiW/ ii:;� ffii;� j<fi(IH � � ? f<l�<'l�o cfilf,.i11; I Ori� / (b) • Throwing light on the iv6reasirig women participation in Indian politics andsociety and the Women's Reservation Act, 2023 (Narishakti Vandan Act, 2023),Analyze the social, economic and political changes taking place in Indian societydue to its implementation. 38 �1<d',4 ·U\lf'1ifa � � -q � � � � li�cll Jm:� �, 2023 (-11£l�1fc@ � �, 2023) tf{'5fcf>M � �' � &,4/r<:14➔ ""f1 itl<cfl4 fll.il\l1 -ij � � '81l-{1f&tch, �· � {/Zll;fifach 4�c1J;jj cf>T fc,�@1151o1 ::-cli)Tt-'.�:JTTl!. I Section - Ill ��111• the number of candidates appeared, qualified and7. The following table de�onst:���nation from five States Delhi, Hima1c 9 �� ;r����h selected in a competitive e Pun·ab and Haryana over the y�ars . o . (H p) Uttar Pradesh (U.P J• nsJer the questions given below it: St�d� 'the table carefully an. a Delhi � ""C -. ""C a, a, Year ... :E ca a, cu C. ::,C. 0< 1994 8000 850 1995 4800 500 1996 7500 640 1997 9500 850 1998 9000 800 1999 9200 780 12000 8800 750 ""'C a, -0 a, ]; en 94 48 82 90 70 75 72 H.P. ""O ""'C ""'C ""'C C1) C1) ... a, a, ... ca ... :E CJ C1) ca C1) a, m C. ""iii C. C. ::::, C. 0 en ct 7500 7800 810 82 _ ____. 65 560000 800 75 � - 4800:--- 560 70 7 400 r- -� � 7000 - 920 86 8800 i---' 8500- 850 75 72 ��0 80' 9000o 87 80,E_ � 88 8000 8��-- U.P. ""O C1) ;:: =a ::::, 0 720 620 400 650 950 920 900 Punjab Haryana ""O -o I ""O ""O ""O ""O C1) -� C1) C1) C1) ... C1) ... :E ... C'0 :: ... C'0 CJ C1) ni CJ C1) ni C1) a. C1) a. cu ::, cu ::, a. 0 C. 0 en <t en <t 78 8200 680 85 6400 700 85 6800 600 70 7100 650 48 6500 525 65 5200 350 70 7800 720 84 6400 540 80 5700 485 60 4500 600 75 6000 490 65 5500 650 82 6300 500 62 6000 620 -0 Q,) ... (J Q,) di CJ) - 75 75",5,70th_BPSC_Mains_General_Studies_1.pdf,BPSC-SUB-02,Polity & Governance,0.95,two_pass_taxonomy_v1,"Question addresses Constitutional provisions, Judicial principles, or Governance structures.",False,,
BPSC-Q-000269,2025,70th BPSC Mains,GS 1,Section I,55,,Unknown,,5,70th_BPSC_Mains_General_Studies_1.pdf,BPSC-SUB-01,"History, Art & Culture",0.78,two_pass_taxonomy_v1,Assigned default Subject domain based on general studies context; flagged for human review.,True,,
BPSC-Q-000270,2025,70th BPSC Mains,GS 1,Section I,60,,Unknown,,5,70th_BPSC_Mains_General_Studies_1.pdf,BPSC-SUB-01,"History, Art & Culture",0.78,two_pass_taxonomy_v1,Assigned default Subject domain based on general studies context; flagged for human review.,True,,
BPSC-Q-000271,2025,70th BPSC Mains,GS 1,Section I,75,,English,80 i-- 78 i.-- (4) ( Continued 1 ',5,70th_BPSC_Mains_General_Studies_1.pdf,BPSC-SUB-01,"History, Art & Culture",0.78,two_pass_taxonomy_v1,Assigned default Subject domain based on general studies context; flagged for human review.,True,,
BPSC-Q-000272,2025,70th BPSC Mains,GS 1,Section I,60,6,English,"E so 40 30 0 20 c.. 10 62 35 2002 VZl Paddy □ Wheat O Maize 70 48 I\ 15 35 2003 2004 Year 86 2005 6 � � � (q@I�� � �-q qf;f 2002B 2005� t:ttR tA �-tn;r, � � � � 3?410 (z;i -q) � � i I ffi � 'UlH'{_cfi:h 3l'O.{cR ch'lf-i!� � � � � �����: 90 80 70 62 - 60 R; so -, :�20 10 2002 48 35 2003 qf;{ □� 70 35 2004 86 55 :\::::::::: 42 2005 ( a) What is the ratio of total production of paddy, wheat and maize in the countrY i during the year 2002 to 2005 ? ! 1 � -q qq 2002 ""B 2005 � � �, � 3fn: llffi � � 3fCW;� cpl � � ( 6) . 6dl ( conunu",7,70th_BPSC_Mains_General_Studies_1.pdf,BPSC-SUB-01,"History, Art & Culture",0.78,two_pass_taxonomy_v1,Assigned default Subject domain based on general studies context; flagged for human review.,True,,
BPSC-Q-000273,2025,70th BPSC Mains,GS 1,Section I,8,8,English,"The following pie-charts represent the expenditure _(in ru�ees) of two families A and8 Study the charts carefully and answer the questions given below th . em. FamilY A 30 ooo) (Total Expenditure : Rs. Family B (Total Expenditure : Rs 45 • ,000) (7) 8 8 8 I • • 02/GQ/CC/M-2O25 - 02 ( Tur.n O • ver J",8,70th_BPSC_Mains_General_Studies_1.pdf,BPSC-SUB-01,"History, Art & Culture",0.78,two_pass_taxonomy_v1,Assigned default Subject domain based on general studies context; flagged for human review.,True,,
BPSC-Q-000274,2025,70th BPSC Mains,GS 2,,1,,English,"Write short answer of the following questions : AqR-Jfurn � * � � R-ifToQ, (a) Article - 32 is the ""Heart and Soul of the Constitution of India"". Explain. E -:iij-c.'0< - 32 ""� * mtlR cf;T � 3fu: m �"" I 641®1 cfl)�Q, I (b) ""Criminalisation of politics and politicisation of Criminals"". Analyse this statement in the context of Bihar State. f ''{1-il.flfa cf;T �� 3fu: � cf;T {1-it4'facn{o1"" 1 ����if � � cfll ftj�J)qo1 cfl)�Q_ I (c) ""In India, at present caste is no more a social phenomenon, rather it is a political phenomenon"". Do you agree with this statement? Analyse and give reasons to support your answer. ""mm if ciJ4H if�� {-il41�cn � � w � �' � � � {1Z1H1Rlcn tITTT �"" I � 3TTl:J � � � � � ? ftj�J)qo1 � 3:fu: 31lR '3W ���if cf>RUT�I (d) What is collegium ? Why is it at the center of criticism ? Express your views. cnh��;q4 � � ? � 3-llffiil-,I � � if cFTT � ? 31lR � � <hl�Q_ I (e) In the light of 73rd and 74th Amendm�nt i� the Constitution of India, discuss the role of Local Self Government in-empowering the women-at the grassroot level in Bihar. mm� m'QR if 73 � � 74 � ffiTiq;f � Jil'1lcn if, � if -ii4141 � � 4f%fll3TT cf>T �Hlcfct �if� f<:l:tlltH cfiT �-qi:� cITT: I",2,70th_BPSC_Mains_General_Studies_2.pdf,BPSC-SUB-02,Polity & Governance,0.95,two_pass_taxonomy_v1,"Question addresses Constitutional provisions, Judicial principles, or Governance structures.",False,,
BPSC-Q-000275,2025,70th BPSC Mains,GS 2,,2,,English,"·(a) Trace the Evolution of Political Parties in India from one party dominance to the era of Coalition Governments. Has the coalition politics undermined the authority of the Prime Minister in India ? Give reasons. 19+ 19= m«T if � -cnif � � � � �q;f �(cf>IU � � (fen (1-iJ;fl�ct, zyIT � f°tjcf>m cf)T {j'""(fJ � I ��<ft (1'31.ftfa ;\' m«f if mlR 1f;ft � � cf)l cf>4'111( � � ? � � I Ori 3l2TcfT ( Turn Ovt",2,70th_BPSC_Mains_General_Studies_2.pdf,BPSC-SUB-01,"History, Art & Culture",0.78,two_pass_taxonomy_v1,Assigned default Subject domain based on general studies context; flagged for human review.,True,,
BPSC-Q-000276,2025,70th BPSC Mains,GS 2,,3,38,English,"(a) ""Besides being a medium of .communication, language has also been effective as a symbol of identity"". In the light of this statement analyse the political impact of linguistic identity in India. 38 ""��f!UI cnT mum�� 3iRiftcffl, � � � � � � -q ���I"" ����if, m«r if mm<ft 3m=mTT � {1s31.ftfach m qlT Rl��ffor 4;i�Q, I Or/JmcfT (b) Write an essay on the political and constitutional changes in Jammu and Kashmir after the abrogation of Article - 370. �-+++-+-.- 38 �j-c0G - 370 � � � � � � � i:h:?ifh -ij {1'31.fl@ch � �mRcfi qf{qJ;jf 1R 1% f;teicq R,if@Q, I Section - II Wls-11",3,70th_BPSC_Mains_General_Studies_2.pdf,BPSC-SUB-02,Polity & Governance,0.95,two_pass_taxonomy_v1,"Question addresses Constitutional provisions, Judicial principles, or Governance structures.",False,,
BPSC-Q-000277,2025,70th BPSC Mains,GS 2,,4,8,English,"Write short answer of the fol/owing questions : f:lqfflf@a >fHf � � 3W R-!f@Q, (a) Explain the climatic conditions and mechanism of winter rainfall in India with their spatial spread. 8 m«r # �0ctchlc41➔ � ctr '1icic!IS � 3lh: (f;f cn1 � � �fal{ � � B4$H� I (b) Discuss the environmental and economic benefits of mangrove forest cover along the Indian coast with examples. 8 �Hffi24 oc if, m21 � q;r 3TTcRUT � q;qfq{o0.q 3ltt 3nm � -q""{ 3�1�{ori � ��en{ (c) What are the suitable geographical conditions. for the cultivation of major types of millets in India ? Explain with examples. 8 m«f-q � ""5(cf)f{ � fik�c;_� �;@""ITT�� 34�cfd �lnG-tcfi �� � ? 3�H5{on � W21 �A$11� I ( 2) ( Continued) ◄",3,70th_BPSC_Mains_General_Studies_2.pdf,BPSC-SUB-01,"History, Art & Culture",0.78,two_pass_taxonomy_v1,Assigned default Subject domain based on general studies context; flagged for human review.,True,,
BPSC-Q-000278,2025,70th BPSC Mains,GS 2,,6,,English,"(a) Discuss the ca uses and consequences of the out migration of pop�lation from Bihar and the mea sures taken by the State to stabilize the popu lation. � it �H�@I � 4Mlll-l � cnRUTT 3fu: qf{o11ifi o4T '11--IB&II cf>l' @R � � �����""Jlllm""CR�� Or/JWc11 (b) Examine the ecological and economic benefits of solar e nergy generation in India with suitable examples. 'm«f if � � 3,41�-i � � � � � � � 34¥d 3<!_16(0TI �""ffi2Tcf;{ I Section - Ill �- Ill",4,70th_BPSC_Mains_General_Studies_2.pdf,BPSC-SUB-01,"History, Art & Culture",0.78,two_pass_taxonomy_v1,Assigned default Subject domain based on general studies context; flagged for human review.,True,,
BPSC-Q-000279,2025,70th BPSC Mains,GS 2,,7,,English,"Write short answer of the following questions : f:18fc1f@a � � � ""3""ffi fc,if@� {a) Explain how s�ience and technology is helping in agricultural productivity ani food preservations. J ' 'I r ,,.- . I , /1 J • 1') 6,41&11 .4>1Pl� rcn, lfe�u� � snri'lf?,ct;Y �.-�-�TC-;:rfu 3f91ccfictl --� m TIT�� rl � ' I I 1 I I :'J:'1'1 • ..j-11\ '\;;.111:,4 ._,,..._, 'i � cR"" \(l (I 7 - , . - - -. ..._. ·-, . ( 3 ) ( Turn",4,70th_BPSC_Mains_General_Studies_2.pdf,BPSC-SUB-03,Indian & Bihar Economy,0.92,two_pass_taxonomy_v1,"Question concerns Indian & Bihar Economic Policy, Industrialization, or Poverty Alleviation.",False,,
BPSC-Q-000280,2025,70th BPSC Mains,GS 2,,8,36,English,"(a) Discuss how the significant milestones, like Chandrayaan and Mangalyaan have enhanced the significance of India's space program globally ? Also mention how these space missions are helpful in the sectors like agriculture, disaster management and urban planning. 36 � � rcfi � tj�.Ql-l � JiJlflllH � A�ftj'{?J sf@�� ;J � � � m«f � JTTITT&l ch14stiA � � cfiT � i ·7 � tfi 3C""Jl@ � % � 3Tifft&l � �' 31fCRT >f¢iq;r � � R<4l\l1-l ��it� B814i:h � ? Or/Jmcl1 (b) What do you understand by WiFi ? Explain how it is helped in the development of economy, infrastructure and higher education in India. 31 � � ""8 3lPl � f!A$ici � ? 3C""fl@ � N> � '1lT«f it �, �R�I<{\ � � � ffl&ll � f¾chlfl it � � cfi\ffi t ? ( 4 )",5,70th_BPSC_Mains_General_Studies_2.pdf,BPSC-SUB-04,Geography & Disaster Management,0.92,two_pass_taxonomy_v1,"Question focuses on Geography, Natural Resources, Monsoon, or Disaster Management.",False,Indian & Bihar Economy,0.7
BPSC-Q-000281,2026,71st BPSC Mains,Essay,,1,,Unknown,,1,71st BPSC MAINS ESSAY PAPER (25-04-2026).pdf,BPSC-SUB-08,Essay & Philosophical Themes,0.98,two_pass_taxonomy_v1,Question originates from official BPSC Essay Paper.,False,,
BPSC-Q-000282,2026,71st BPSC Mains,Essay,,2,,Unknown,.,1,71st BPSC MAINS ESSAY PAPER (25-04-2026).pdf,BPSC-SUB-08,Essay & Philosophical Themes,0.98,two_pass_taxonomy_v1,Question originates from official BPSC Essay Paper.,False,,
BPSC-Q-000283,2026,71st BPSC Mains,Essay,,3,38,English,ESSAY SECTION - I Write an essay on any one of the following topics in about 700 to 800 words: [100] The Power of Mindset in Shaping Human Destiny. Ethics in Action: Why Morātouage 52/GA/CCM-2026-38 Student's Copy Serial No. Technology as a Double-Edged Sword: Balancing Innovation and Control. 1 1063510 [Full Marks : 300 GA-134 .Tnlications of Rising Tensions 1n the Middle East Geopolitical crisie Maiters Mộre than opinion? (Turn Over),1,71st BPSC MAINS ESSAY PAPER (25-04-2026).pdf,BPSC-SUB-08,Essay & Philosophical Themes,0.98,two_pass_taxonomy_v1,Question originates from official BPSC Essay Paper.,False,,
BPSC-Q-000284,2026,71st BPSC Mains,Essay,,5,,Unknown,,2,71st BPSC MAINS ESSAY PAPER (25-04-2026).pdf,BPSC-SUB-08,Essay & Philosophical Themes,0.98,two_pass_taxonomy_v1,Question originates from official BPSC Essay Paper.,False,,
BPSC-Q-000285,2026,71st BPSC Mains,Essay,,6,,Unknown,,2,71st BPSC MAINS ESSAY PAPER (25-04-2026).pdf,BPSC-SUB-08,Essay & Philosophical Themes,0.98,two_pass_taxonomy_v1,Question originates from official BPSC Essay Paper.,False,,
BPSC-Q-000286,2026,71st BPSC Mains,Essay,,7,,Unknown,,2,71st BPSC MAINS ESSAY PAPER (25-04-2026).pdf,BPSC-SUB-08,Essay & Philosophical Themes,0.98,two_pass_taxonomy_v1,Question originates from official BPSC Essay Paper.,False,,
BPSC-Q-000287,2026,71st BPSC Mains,Essay,,8,,Unknown,,2,71st BPSC MAINS ESSAY PAPER (25-04-2026).pdf,BPSC-SUB-08,Essay & Philosophical Themes,0.98,two_pass_taxonomy_v1,Question originates from official BPSC Essay Paper.,False,,
BPSC-Q-000288,2026,71st BPSC Mains,Essay,,9,,English,essay on any one of the following topics in about 700 to 800 words: (100] YT 700 800 loci ye W Binar Public Service Commission Aruhcial Intelligence and Human Values: Can Machines Understand Morality? SECTION - II Environmental Responsibility in an Age of Industrial Expansion. Love and knowledge: The Twin pillars of a meaningful life. De-dollarization and the changing Global Economic Order. Write an essay on any one of the tollowingtopics in about 700 to 800 words: 1001,2,71st BPSC MAINS ESSAY PAPER (25-04-2026).pdf,BPSC-SUB-08,Essay & Philosophical Themes,0.98,two_pass_taxonomy_v1,Question originates from official BPSC Essay Paper.,False,,
BPSC-Q-000289,2026,71st BPSC Mains,Essay,,10,,English,Adhajal ghaila chhalkaitjay.,2,71st BPSC MAINS ESSAY PAPER (25-04-2026).pdf,BPSC-SUB-08,Essay & Philosophical Themes,0.98,two_pass_taxonomy_v1,Question originates from official BPSC Essay Paper.,False,,
BPSC-Q-000290,2026,71st BPSC Mains,Essay,,11,38,English,Je kara lathi okara bhains. Bandar ki janait ahi adarkak swad. 52/GA/CCM-2026-38 SECTION - III,2,71st BPSC MAINS ESSAY PAPER (25-04-2026).pdf,BPSC-SUB-08,Essay & Philosophical Themes,0.98,two_pass_taxonomy_v1,Question originates from official BPSC Essay Paper.,False,,
BPSC-Q-000291,2026,71st BPSC Mains,Essay,,12,,English,Akela chana bhad na fori sakela. 2 GA-134,2,71st BPSC MAINS ESSAY PAPER (25-04-2026).pdf,BPSC-SUB-08,Essay & Philosophical Themes,0.98,two_pass_taxonomy_v1,Question originates from official BPSC Essay Paper.,False,,
BPSC-Q-000292,2026,71st BPSC Mains,Geography Optional,,1,,Unknown,,1,Geography Optional_71st BPSC Mains.pdf,BPSC-SUB-09,Geography (Optional Specialization),0.99,two_pass_taxonomy_v1,Question originates directly from BPSC Geography Optional examination paper.,False,,
BPSC-Q-000293,2026,71st BPSC Mains,Geography Optional,,2,,English,Which one of the following i notan outcome ofa Diastrophic force? (B) Emergence (D) Fault,1,Geography Optional_71st BPSC Mains.pdf,BPSC-SUB-09,Geography (Optional Specialization),0.99,two_pass_taxonomy_v1,Question originates directly from BPSC Geography Optional examination paper.,False,,
BPSC-Q-000294,2026,71st BPSC Mains,Geography Optional,,1,,Unknown,,1,Geography Optional_71st BPSC Mains.pdf,BPSC-SUB-09,Geography (Optional Specialization),0.99,two_pass_taxonomy_v1,Question originates directly from BPSC Geography Optional examination paper.,False,,
BPSC-Q-000295,2026,71st BPSC Mains,Geography Optional,,2,,English,Earthquake Which of the following statements reference to 'Love Wave generated by an earthquake' is/are correct? Folding (B) Only2,1,Geography Optional_71st BPSC Mains.pdf,BPSC-SUB-09,Geography (Optional Specialization),0.99,two_pass_taxonomy_v1,Question originates directly from BPSC Geography Optional examination paper.,False,,
BPSC-Q-000296,2026,71st BPSC Mains,Geography Optional,,1,,English,Itis a kind of surface wave. (C) Both l and 2,1,Geography Optional_71st BPSC Mains.pdf,BPSC-SUB-09,Geography (Optional Specialization),0.99,two_pass_taxonomy_v1,Question originates directly from BPSC Geography Optional examination paper.,False,,
BPSC-Q-000297,2026,71st BPSC Mains,Geography Optional,,2,,English,) Only 1,1,Geography Optional_71st BPSC Mains.pdf,BPSC-SUB-09,Geography (Optional Specialization),0.99,two_pass_taxonomy_v1,Question originates directly from BPSC Geography Optional examination paper.,False,,
BPSC-Q-000298,2026,71st BPSC Mains,Geography Optional,,3,,English,Motion in the Love Wave isļentirely| horizontal. (D) Neither 1 nor2 Glacial origin? Which of the following landforms is/are of Tarm ~ Tufa 002 77 (Tafoni (A) Only 1 B 1and 2 (C) 2 and 3 10027 (D) Only 3 with 1002773 52/GA/CCIM-2026-13-A 2,1,Geography Optional_71st BPSC Mains.pdf,BPSC-SUB-09,Geography (Optional Specialization),0.99,two_pass_taxonomy_v1,Question originates directly from BPSC Geography Optional examination paper.,False,,
BPSC-Q-000299,2026,71st BPSC Mains,Geography Optional,,4,,Unknown,,1,Geography Optional_71st BPSC Mains.pdf,BPSC-SUB-09,Geography (Optional Specialization),0.99,two_pass_taxonomy_v1,Question originates directly from BPSC Geography Optional examination paper.,False,,
BPSC-Q-000300,2026,71st BPSC Mains,Geography Optional,,5,,English,"How many of the four pairs given below are correctly matched? (Volcano) Mount Mayon Mount Cotopaxi MountKilimanjaro - MounHood (A) B) L(C) (Country) Peru Ecuador A Kenya United States of One pair is correctly matched America Two pairs are correctly matched Codes: (C) Three pairs are correctly matched D) Four pairs are córrectly matched Given below are two statementS, one is labelledas Assertion (A) and the other as Reason (R) : Assertion (A): Active volcanism and deep Reason (R): Along the Diverging Plate boundaries, plates separate and in this process of separation, molten magma upwells. Select the correct answer using the codes given below: GA-113 focus earthquakes occur on the Diverging Plate boundaries. (A) Both (A) and (R) are true and (R) is the corect explanation of (A) (B) Both (A) and (R) are true but (R) is not the correct explanation of(A) (A) is true but (R) is false (D) (A)is false but (R) is true",1,Geography Optional_71st BPSC Mains.pdf,BPSC-SUB-09,Geography (Optional Specialization),0.99,two_pass_taxonomy_v1,Question originates directly from BPSC Geography Optional examination paper.,False,,
BPSC-Q-000301,2026,71st BPSC Mains,Geography Optional,,1,,Unknown,"2,",2,Geography Optional_71st BPSC Mains.pdf,BPSC-SUB-09,Geography (Optional Specialization),0.99,two_pass_taxonomy_v1,Question originates directly from BPSC Geography Optional examination paper.,False,,
BPSC-Q-000302,2026,71st BPSC Mains,Geography Optional,,3,,English,(A) (B) 3a 3 (C) (D),2,Geography Optional_71st BPSC Mains.pdf,BPSC-SUB-09,Geography (Optional Specialization),0.99,two_pass_taxonomy_v1,Question originates directly from BPSC Geography Optional examination paper.,False,,
BPSC-Q-000303,2026,71st BPSC Mains,Geography Optional,,1,,Unknown,,2,Geography Optional_71st BPSC Mains.pdf,BPSC-SUB-09,Geography (Optional Specialization),0.99,two_pass_taxonomy_v1,Question originates directly from BPSC Geography Optional examination paper.,False,,
BPSC-Q-000304,2026,71st BPSC Mains,Geography Optional,,2,,English,(B) a2 (C) 1 sâr 2 t (D) a1 aa2,2,Geography Optional_71st BPSC Mains.pdf,BPSC-SUB-09,Geography (Optional Specialization),0.99,two_pass_taxonomy_v1,Question originates directly from BPSC Geography Optional examination paper.,False,,
BPSC-Q-000305,2026,71st BPSC Mains,Geography Optional,,1,,Unknown,,2,Geography Optional_71st BPSC Mains.pdf,BPSC-SUB-09,Geography (Optional Specialization),0.99,two_pass_taxonomy_v1,Question originates directly from BPSC Geography Optional examination paper.,False,,
BPSC-Q-000306,2026,71st BPSC Mains,Geography Optional,,2,,English,(A) a 1 (B) 1 3Ầr 2 (C) 2 Ầr 3 (D) haM3 52/GA/CCM-2026-13-A,2,Geography Optional_71st BPSC Mains.pdf,BPSC-SUB-09,Geography (Optional Specialization),0.99,two_pass_taxonomy_v1,Question originates directly from BPSC Geography Optional examination paper.,False,,
BPSC-Q-000307,2026,71st BPSC Mains,Geography Optional,,4,,Unknown,,2,Geography Optional_71st BPSC Mains.pdf,BPSC-SUB-09,Geography (Optional Specialization),0.99,two_pass_taxonomy_v1,Question originates directly from BPSC Geography Optional examination paper.,False,,
BPSC-Q-000308,2026,71st BPSC Mains,Geography Optional,,5,,English,"GhUT (R) 0 (21) (A) (A) 3r (R) Ť Haž sir (R), (A) A (B) (A) air (R) ii vậg (R), (A) A (C) (A)Hfag (R) THI GA-113 (D) (A)Ta, fahrg (R) HrAII [P.T.O.",2,Geography Optional_71st BPSC Mains.pdf,BPSC-SUB-09,Geography (Optional Specialization),0.99,two_pass_taxonomy_v1,Question originates directly from BPSC Geography Optional examination paper.,False,,
BPSC-Q-000309,2026,71st BPSC Mains,Geography Optional,,7,,Unknown,,3,Geography Optional_71st BPSC Mains.pdf,BPSC-SUB-09,Geography (Optional Specialization),0.99,two_pass_taxonomy_v1,Question originates directly from BPSC Geography Optional examination paper.,False,,
BPSC-Q-000310,2026,71st BPSC Mains,Geography Optional,,8,,English,Which ofthe following gases is present in the smallest)Jamount by (volume in carth amosphere? (A) Argon t B) Helium (C) Hydrogen CD) Neon Which of the following statements with reference to Water Vapor is/are correct?,3,Geography Optional_71st BPSC Mains.pdf,BPSC-SUB-09,Geography (Optional Specialization),0.99,two_pass_taxonomy_v1,Question originates directly from BPSC Geography Optional examination paper.,False,,
BPSC-Q-000311,2026,71st BPSC Mains,Geography Optional,,1,,Unknown,,3,Geography Optional_71st BPSC Mains.pdf,BPSC-SUB-09,Geography (Optional Specialization),0.99,two_pass_taxonomy_v1,Question originates directly from BPSC Geography Optional examination paper.,False,,
BPSC-Q-000312,2026,71st BPSC Mains,Geography Optional,,2,,English,(B) (C) 1 Amount of water vapour is horethan four percent in the air õf the polar areas.,3,Geography Optional_71st BPSC Mains.pdf,BPSC-SUB-09,Geography (Optional Specialization),0.99,two_pass_taxonomy_v1,Question originates directly from BPSC Geography Optional examination paper.,False,,
BPSC-Q-000313,2026,71st BPSC Mains,Geography Optional,,2,,English,Amount of water vāponcreasesfrom Equator towards thePoles ) Only 1,3,Geography Optional_71st BPSC Mains.pdf,BPSC-SUB-09,Geography (Optional Specialization),0.99,two_pass_taxonomy_v1,Question originates directly from BPSC Geography Optional examination paper.,False,,
BPSC-Q-000314,2026,71st BPSC Mains,Geography Optional,,3,,English,"(D) Neither 1 nor 2 Only2 Both 1 and 2 Which of the following is/are ""C' type of climate as per Koeppen's classification? Humid Continentl Mediterranean Humid Subtropical Only 1 Y 1and 2 1002 (C) 2 and 3 (D) Only 3 52/GA/CCIM-2026-13-A 100277 4",3,Geography Optional_71st BPSC Mains.pdf,BPSC-SUB-09,Geography (Optional Specialization),0.99,two_pass_taxonomy_v1,Question originates directly from BPSC Geography Optional examination paper.,False,,
BPSC-Q-000315,2026,71st BPSC Mains,Geography Optional,,9,,English,How many of the four pairs given below are correctly matched?,3,Geography Optional_71st BPSC Mains.pdf,BPSC-SUB-09,Geography (Optional Specialization),0.99,two_pass_taxonomy_v1,Question originates directly from BPSC Geography Optional examination paper.,False,,
BPSC-Q-000316,2026,71st BPSC Mains,Geography Optional,,11,,English,(Local names of Cyclones) Cyclone Hurricane Typhoon Willy-Willies (A) LB) One pair is correctly matched (Area) Two pairs are correctly matched Three pairs are correctly matched (D) Four pairs are correctly matched,3,Geography Optional_71st BPSC Mains.pdf,BPSC-SUB-09,Geography (Optional Specialization),0.99,two_pass_taxonomy_v1,Question originates directly from BPSC Geography Optional examination paper.,False,,
BPSC-Q-000317,2026,71st BPSC Mains,Geography Optional,,10,,English,"Given below are two statenments, one is labelled as Assertion (A) and the other as Reason (R): - Indian Ocean Codes: -Atlantic Ocean -East Pacific Ocean Assertion (A): In Marine West Coast (C) - Eastern Australia w Reason (R): Temperature in such areas is moderated due to marine influence. Select the correct answer using the codes given below: climates, temperature in winter is warmer than for its latitude (A), Both (A) and (R) are true and (R) is the correct explanation of(A) (B) Both (A) and (R) are true but (R) is not the correct explanation of (A) (A) Lime (A)is true but (R) is false (B) Phosphorous (C) Nitrogen (D) (A) is false but (R) is true Organic Matter GA-113 Which of the following is found in abundance inßlack soil?",3,Geography Optional_71st BPSC Mains.pdf,BPSC-SUB-09,Geography (Optional Specialization),0.99,two_pass_taxonomy_v1,Question originates directly from BPSC Geography Optional examination paper.,False,,
BPSC-Q-000318,2026,71st BPSC Mains,Geography Optional,,8,,Unknown,,4,Geography Optional_71st BPSC Mains.pdf,BPSC-SUB-09,Geography (Optional Specialization),0.99,two_pass_taxonomy_v1,Question originates directly from BPSC Geography Optional examination paper.,False,,
BPSC-Q-000319,2026,71st BPSC Mains,Geography Optional,,6,,Unknown,,4,Geography Optional_71st BPSC Mains.pdf,BPSC-SUB-09,Geography (Optional Specialization),0.99,two_pass_taxonomy_v1,Question originates directly from BPSC Geography Optional examination paper.,False,,
BPSC-Q-000320,2026,71st BPSC Mains,Geography Optional,,7,,English,(A) 3 (B) eą 3 (C) (D) eia,4,Geography Optional_71st BPSC Mains.pdf,BPSC-SUB-09,Geography (Optional Specialization),0.99,two_pass_taxonomy_v1,Question originates directly from BPSC Geography Optional examination paper.,False,,
BPSC-Q-000321,2026,71st BPSC Mains,Geography Optional,,1,,Unknown,,4,Geography Optional_71st BPSC Mains.pdf,BPSC-SUB-09,Geography (Optional Specialization),0.99,two_pass_taxonomy_v1,Question originates directly from BPSC Geography Optional examination paper.,False,,
BPSC-Q-000322,2026,71st BPSC Mains,Geography Optional,,2,,Unknown,,4,Geography Optional_71st BPSC Mains.pdf,BPSC-SUB-09,Geography (Optional Specialization),0.99,two_pass_taxonomy_v1,Question originates directly from BPSC Geography Optional examination paper.,False,,
BPSC-Q-000323,2026,71st BPSC Mains,Geography Optional,,2,,English,(A) a1,4,Geography Optional_71st BPSC Mains.pdf,BPSC-SUB-09,Geography (Optional Specialization),0.99,two_pass_taxonomy_v1,Question originates directly from BPSC Geography Optional examination paper.,False,,
BPSC-Q-000324,2026,71st BPSC Mains,Geography Optional,,1,,English,(B) har 2 (C) 1 sr2 -i (D) a 1l aa2,4,Geography Optional_71st BPSC Mains.pdf,BPSC-SUB-09,Geography (Optional Specialization),0.99,two_pass_taxonomy_v1,Question originates directly from BPSC Geography Optional examination paper.,False,,
BPSC-Q-000325,2026,71st BPSC Mains,Geography Optional,,A,,English,aaH1 (B) 1 sn 2 (C) 2 st 3 (D) ha3 52/GA/CCM-2026-13-A 5,4,Geography Optional_71st BPSC Mains.pdf,BPSC-SUB-09,Geography (Optional Specialization),0.99,two_pass_taxonomy_v1,Question originates directly from BPSC Geography Optional examination paper.,False,,
BPSC-Q-000326,2026,71st BPSC Mains,Geography Optional,,9,,English,"fart-fafrtia (B) 4 HậÌ gatea hRUT (R) : 773 (A) (A) t (R) ai HasÂ (R), (A) â (C) (B) (A) st (R) ai na arg (R), (A) (D) (A) (C) (a) (AJau ferg (R) TeTAI (B) aRH (Ar , farg (R) I (D) ea/Aaiy qref GA-113 [P.T.O.",4,Geography Optional_71st BPSC Mains.pdf,BPSC-SUB-09,Geography (Optional Specialization),0.99,two_pass_taxonomy_v1,Question originates directly from BPSC Geography Optional examination paper.,False,,
BPSC-Q-000327,2026,71st BPSC Mains,Geography Optional,,12,,English,Which of the following statements with reference to Laterite soil is/are correct?,5,Geography Optional_71st BPSC Mains.pdf,BPSC-SUB-09,Geography (Optional Specialization),0.99,two_pass_taxonomy_v1,Question originates directly from BPSC Geography Optional examination paper.,False,,
BPSC-Q-000328,2026,71st BPSC Mains,Geography Optional,,13,,Unknown,,5,Geography Optional_71st BPSC Mains.pdf,BPSC-SUB-09,Geography (Optional Specialization),0.99,two_pass_taxonomy_v1,Question originates directly from BPSC Geography Optional examination paper.,False,,
BPSC-Q-000329,2026,71st BPSC Mains,Geography Optional,,14,,Unknown,,5,Geography Optional_71st BPSC Mains.pdf,BPSC-SUB-09,Geography (Optional Specialization),0.99,two_pass_taxonomy_v1,Question originates directly from BPSC Geography Optional examination paper.,False,,
BPSC-Q-000330,2026,71st BPSC Mains,Geography Optional,,1,,English,2 (A) (B) e) (D),5,Geography Optional_71st BPSC Mains.pdf,BPSC-SUB-09,Geography (Optional Specialization),0.99,two_pass_taxonomy_v1,Question originates directly from BPSC Geography Optional examination paper.,False,,
BPSC-Q-000331,2026,71st BPSC Mains,Geography Optional,,1,,Unknown,,5,Geography Optional_71st BPSC Mains.pdf,BPSC-SUB-09,Geography (Optional Specialization),0.99,two_pass_taxonomy_v1,Question originates directly from BPSC Geography Optional examination paper.,False,,
BPSC-Q-000332,2026,71st BPSC Mains,Geography Optional,,2,,English,Laterite soil develop in arcas with high temperature and high rainfall,5,Geography Optional_71st BPSC Mains.pdf,BPSC-SUB-09,Geography (Optional Specialization),0.99,two_pass_taxonomy_v1,Question originates directly from BPSC Geography Optional examination paper.,False,,
BPSC-Q-000333,2026,71st BPSC Mains,Geography Optional,,3,6,English,Laterite soil ar noo suitable for cultivation Only 1 Only 2 Which of the following soils is/are rich in organic matter? Both l and2 Neither 1 nọr2 Histosols Mollisols Oxisols (A) Only 1 (B) land 2 ) 2 and 3 D) Oniy 3 02 How many of the four pairs given below are (Soil Type) corectly matched? Andisols Aridiosols Vertisols 1002773 Spodosols (Chaçacteristic) Rich in Carbon -Rich in Salts - Rich in Clay Rich in Iron-ore (A) One pair is correctly matched B) Two pairs are ĉorrectly matched (C) Three pairs are correctly matched (D) Four pairs are correctly matched 52/GA/CCM-2026-13-A 6,5,Geography Optional_71st BPSC Mains.pdf,BPSC-SUB-09,Geography (Optional Specialization),0.99,two_pass_taxonomy_v1,Question originates directly from BPSC Geography Optional examination paper.,False,,
BPSC-Q-000334,2026,71st BPSC Mains,Geography Optional,,15,,Unknown,,5,Geography Optional_71st BPSC Mains.pdf,BPSC-SUB-09,Geography (Optional Specialization),0.99,two_pass_taxonomy_v1,Question originates directly from BPSC Geography Optional examination paper.,False,,
BPSC-Q-000335,2026,71st BPSC Mains,Geography Optional,,16,,English,"Given below are two statements, one is Jabelled as Assertion (A) and the other as Rcason (R): Assertion (A): Intensive cultivation in dry areas with excessive use of iigation may turn alluvial soils saline. Reason (R): Excessive irrigation in dry climatic conditions promotes capillary action which results in the deposition of salt on the top layer of the soil. Select the correct answer using the codes given below: Codes: A Both (A) and (R) are true and (R) is the correct explanation of (A) (B) Both (A) and (R) are true but (R) is not the correct explanation of (A) (C) (D) (A)is false but (R) is true Which of the following is found in good amount in a Manganese Nodules present in the Ocean? A Cobalt (B) (A) is true but (R) is false",5,Geography Optional_71st BPSC Mains.pdf,BPSC-SUB-09,Geography (Optional Specialization),0.99,two_pass_taxonomy_v1,Question originates directly from BPSC Geography Optional examination paper.,False,,
BPSC-Q-000336,2026,71st BPSC Mains,Geography Optional,,1,,English,(D) Nickel,5,Geography Optional_71st BPSC Mains.pdf,BPSC-SUB-09,Geography (Optional Specialization),0.99,two_pass_taxonomy_v1,Question originates directly from BPSC Geography Optional examination paper.,False,,
BPSC-Q-000337,2026,71st BPSC Mains,Geography Optional,,2,,Unknown,,5,Geography Optional_71st BPSC Mains.pdf,BPSC-SUB-09,Geography (Optional Specialization),0.99,two_pass_taxonomy_v1,Question originates directly from BPSC Geography Optional examination paper.,False,,
BPSC-Q-000338,2026,71st BPSC Mains,Geography Optional,,17,,English,Which of the following statements with reference to Salinity in Sea waters is/are correct? (A) (B) Copper (er Iron Baltic Sea records a low salinity. Black Sea records a high salinity. Onlyl Only 2 Both l and 2 (D) Neither I nor 2 GA-113,5,Geography Optional_71st BPSC Mains.pdf,BPSC-SUB-09,Geography (Optional Specialization),0.99,two_pass_taxonomy_v1,Question originates directly from BPSC Geography Optional examination paper.,False,,
BPSC-Q-000339,2026,71st BPSC Mains,Geography Optional,,1,,Unknown,,6,Geography Optional_71st BPSC Mains.pdf,BPSC-SUB-09,Geography (Optional Specialization),0.99,two_pass_taxonomy_v1,Question originates directly from BPSC Geography Optional examination paper.,False,,
BPSC-Q-000340,2026,71st BPSC Mains,Geography Optional,,2,,English,(A) haa1 (B) haM2 (C) 1 3n 2 ai (D),6,Geography Optional_71st BPSC Mains.pdf,BPSC-SUB-09,Geography (Optional Specialization),0.99,two_pass_taxonomy_v1,Question originates directly from BPSC Geography Optional examination paper.,False,,
BPSC-Q-000341,2026,71st BPSC Mains,Geography Optional,,1,,Unknown,,6,Geography Optional_71st BPSC Mains.pdf,BPSC-SUB-09,Geography (Optional Specialization),0.99,two_pass_taxonomy_v1,Question originates directly from BPSC Geography Optional examination paper.,False,,
BPSC-Q-000342,2026,71st BPSC Mains,Geography Optional,,2,7,English,"3 l at2 (A) haI (B) 1 ħn 2 (C) 2 â 3 D) ha3 afta (C) tagu uậ gfera 52/GA/CCM-2026-13-A (artun) 7 (A) (A) 3tr (R) a-ii A (R), (A) hRU (R): (B) (A) r (R) i Hậifrg (R), (A) Â (C) (A)H g R) 1eAI (D) (A) aI (A)rea farg R) HUQI (B) iaT (C) a (D) Ah",6,Geography Optional_71st BPSC Mains.pdf,BPSC-SUB-09,Geography (Optional Specialization),0.99,two_pass_taxonomy_v1,Question originates directly from BPSC Geography Optional examination paper.,False,,
BPSC-Q-000343,2026,71st BPSC Mains,Geography Optional,,1,,Unknown,,6,Geography Optional_71st BPSC Mains.pdf,BPSC-SUB-09,Geography (Optional Specialization),0.99,two_pass_taxonomy_v1,Question originates directly from BPSC Geography Optional examination paper.,False,,
BPSC-Q-000344,2026,71st BPSC Mains,Geography Optional,,2,,Unknown,,6,Geography Optional_71st BPSC Mains.pdf,BPSC-SUB-09,Geography (Optional Specialization),0.99,two_pass_taxonomy_v1,Question originates directly from BPSC Geography Optional examination paper.,False,,
BPSC-Q-000345,2026,71st BPSC Mains,Geography Optional,,17,,English,İAUI vcí fAfatfaai (A) ha1 (B) aM 2 (C) 1 st 2 (D) DI GA-113 004 | A2 [P.T.O.,6,Geography Optional_71st BPSC Mains.pdf,BPSC-SUB-09,Geography (Optional Specialization),0.99,two_pass_taxonomy_v1,Question originates directly from BPSC Geography Optional examination paper.,False,,
BPSC-Q-000346,2026,71st BPSC Mains,Geography Optional,,18,,English,Which of the following is/are a warm Ocean,7,Geography Optional_71st BPSC Mains.pdf,BPSC-SUB-09,Geography (Optional Specialization),0.99,two_pass_taxonomy_v1,Question originates directly from BPSC Geography Optional examination paper.,False,,
BPSC-Q-000347,2026,71st BPSC Mains,Geography Optional,,19,,English,curent?,7,Geography Optional_71st BPSC Mains.pdf,BPSC-SUB-09,Geography (Optional Specialization),0.99,two_pass_taxonomy_v1,Question originates directly from BPSC Geography Optional examination paper.,False,,
BPSC-Q-000348,2026,71st BPSC Mains,Geography Optional,,1,,Unknown,2,7,Geography Optional_71st BPSC Mains.pdf,BPSC-SUB-09,Geography (Optional Specialization),0.99,two_pass_taxonomy_v1,Question originates directly from BPSC Geography Optional examination paper.,False,,
BPSC-Q-000349,2026,71st BPSC Mains,Geography Optional,,3,,English,(A) (B) e (D) Alaska Current Califormia Current Oyashio Current Only 1 1and 2 2 and 3 Only 3 How many of the fourpairs given below are correctly matched? (Ocean Bottom Relief(Location) Amsterdam Plateau Chagos Ridge Carlsberg Ridge Sunda Trench Codes: Northern Indian Qcean Western Indian Ocean Southern Indian Ocean (A) One pair is correctly matched Two pairs are côrrecily matched Three pairs are corfectly matched (D) Four pairs are correctly matched Eastern Indian Ocean,7,Geography Optional_71st BPSC Mains.pdf,BPSC-SUB-09,Geography (Optional Specialization),0.99,two_pass_taxonomy_v1,Question originates directly from BPSC Geography Optional examination paper.,False,,
BPSC-Q-000350,2026,71st BPSC Mains,Geography Optional,,20,,English,"Given below are two statements, one is labelled as Assertion (A) and the other as Reason (R): Assertion (A): Tidal range on earth is much greater than usual on 03 January every year. 52/GA/CCM-2026-13-A Reason (R): On 3 January, the earth is closest to the Sun. Select the correct angwer using the codes given below: (A)_ Both (A) and (R) are true and (R) is the correct explanation of (A) (B) Both (A) and (R) arę true but (R) is not the correct explanation of(A) (C) (A) is true but (R) isfalse (D) (A) is false but (R) is true",7,Geography Optional_71st BPSC Mains.pdf,BPSC-SUB-09,Geography (Optional Specialization),0.99,two_pass_taxonomy_v1,Question originates directly from BPSC Geography Optional examination paper.,False,,
BPSC-Q-000351,2026,71st BPSC Mains,Geography Optional,,21,,Unknown,,7,Geography Optional_71st BPSC Mains.pdf,BPSC-SUB-09,Geography (Optional Specialization),0.99,two_pass_taxonomy_v1,Question originates directly from BPSC Geography Optional examination paper.,False,,
BPSC-Q-000352,2026,71st BPSC Mains,Geography Optional,,22,,English,Which of the following iś most împortant cause of loss of biodiversity? (A) Co-extinctions (B) Alien species invasion (D) Over exploitation Which of the following statements with reference to Humus is/are correct?,7,Geography Optional_71st BPSC Mains.pdf,BPSC-SUB-09,Geography (Optional Specialization),0.99,two_pass_taxonomy_v1,Question originates directly from BPSC Geography Optional examination paper.,False,,
BPSC-Q-000353,2026,71st BPSC Mains,Geography Optional,,1,,English,C) Loss of habitat and fragmetation,7,Geography Optional_71st BPSC Mains.pdf,BPSC-SUB-09,Geography (Optional Specialization),0.99,two_pass_taxonomy_v1,Question originates directly from BPSC Geography Optional examination paper.,False,,
BPSC-Q-000354,2026,71st BPSC Mains,Geography Optional,,2,,English,Humus undergoes decomposition at very fast rate. (A) Only 1 Humus is very easily degraded by microbial action. (B) Only 2 er Both l and 2 (D) Neither I nor 2,7,Geography Optional_71st BPSC Mains.pdf,BPSC-SUB-09,Geography (Optional Specialization),0.99,two_pass_taxonomy_v1,Question originates directly from BPSC Geography Optional examination paper.,False,,
BPSC-Q-000355,2026,71st BPSC Mains,Geography Optional,,1,,Unknown,,7,Geography Optional_71st BPSC Mains.pdf,BPSC-SUB-09,Geography (Optional Specialization),0.99,two_pass_taxonomy_v1,Question originates directly from BPSC Geography Optional examination paper.,False,,
BPSC-Q-000356,2026,71st BPSC Mains,Geography Optional,,23,,English,Which of the following is/are a fecondary consumer in an ecosystem? 2 Bird Grasshoppe,7,Geography Optional_71st BPSC Mains.pdf,BPSC-SUB-09,Geography (Optional Specialization),0.99,two_pass_taxonomy_v1,Question originates directly from BPSC Geography Optional examination paper.,False,,
BPSC-Q-000357,2026,71st BPSC Mains,Geography Optional,,3,,English,Cow s Only 1 (B) 1 and 2 (C) 2 and 3 (D) Only 3 GA-113,7,Geography Optional_71st BPSC Mains.pdf,BPSC-SUB-09,Geography (Optional Specialization),0.99,two_pass_taxonomy_v1,Question originates directly from BPSC Geography Optional examination paper.,False,,
BPSC-Q-000358,2026,71st BPSC Mains,Geography Optional,,1,,Unknown,,8,Geography Optional_71st BPSC Mains.pdf,BPSC-SUB-09,Geography (Optional Specialization),0.99,two_pass_taxonomy_v1,Question originates directly from BPSC Geography Optional examination paper.,False,,
BPSC-Q-000359,2026,71st BPSC Mains,Geography Optional,,2,,Unknown,,8,Geography Optional_71st BPSC Mains.pdf,BPSC-SUB-09,Geography (Optional Specialization),0.99,two_pass_taxonomy_v1,Question originates directly from BPSC Geography Optional examination paper.,False,,
BPSC-Q-000360,2026,71st BPSC Mains,Geography Optional,,3,,English,"(A) (B) aI (D) 1 sr 2 (C) 2 sik 3 3 (y Êq-rgafa) (afRrfa) sfraUA (A): yeių IR-4aI 3dl{-JGG HRUT (R): (A) (A) r (R) İ Ha tt (R), (A) á (B) (A) sîr (R) iHậž fehng (R), (A) Æ (C) (A)HU fahr (R) TTHI (D) (A)TA, fg(R) Hra?I 52/GA/CCM-2026-13-A 9 (A) H8-rga (B) 1",8,Geography Optional_71st BPSC Mains.pdf,BPSC-SUB-09,Geography (Optional Specialization),0.99,two_pass_taxonomy_v1,Question originates directly from BPSC Geography Optional examination paper.,False,,
BPSC-Q-000361,2026,71st BPSC Mains,Geography Optional,,2,,English,(A) (B) 1 faeyit yvfaui ht 3A1G6HUT 2 faufeaàIII (C) 1 i 2ai,8,Geography Optional_71st BPSC Mains.pdf,BPSC-SUB-09,Geography (Optional Specialization),0.99,two_pass_taxonomy_v1,Question originates directly from BPSC Geography Optional examination paper.,False,,
BPSC-Q-000362,2026,71st BPSC Mains,Geography Optional,,3,,English,al (D) alaa2 (A) haH 2 (B) 1 3n 2 (C) 2 33 (D) a3 GA-113 [P.T.O.,8,Geography Optional_71st BPSC Mains.pdf,BPSC-SUB-09,Geography (Optional Specialization),0.99,two_pass_taxonomy_v1,Question originates directly from BPSC Geography Optional examination paper.,False,,
BPSC-Q-000363,2026,71st BPSC Mains,Geography Optional,,24,,English,How many of the four pairs given below are A corTectly matched? (COP Conference) COP-27 COP-28 COP-29 COP-30 e) (A) One pair is corectly matched (Host City) - Dubai .-Sharm el- Shęikh Two pairšarečorrectly matched (D) Four pairs are corectly matched Codes: - Baku Three pairs arë correctly matched,9,Geography Optional_71st BPSC Mains.pdf,BPSC-SUB-09,Geography (Optional Specialization),0.99,two_pass_taxonomy_v1,Question originates directly from BPSC Geography Optional examination paper.,False,,
BPSC-Q-000364,2026,71st BPSC Mains,Geography Optional,,25,,English,"Given below are two statements, one 1S labelled as Assertioň (A) and the other as Reason (R): - Belem Assertion (A): Pyramid ofbiomass in sea is generally inverted. Reason (R): The biomass of fishes far exceeds that ofphytoplankton. Select the correct answer using the codes given below: (A) B) (A) Both (A) and (R) are true and (R) is the correct explanation of (A) (B) Both (A) and (R) are true but (R) is not the coregt explanation of (A) (C) (A)is truề but (R) is false D (AJis falşe but (R) is třuē Alfred Hetner",9,Geography Optional_71st BPSC Mains.pdf,BPSC-SUB-09,Geography (Optional Specialization),0.99,two_pass_taxonomy_v1,Question originates directly from BPSC Geography Optional examination paper.,False,,
BPSC-Q-000365,2026,71st BPSC Mains,Geography Optional,,26,,English,Who among the following was not a Regional Geographer? (C) Carl Ritter 52/GA/CCM-2026-13-A Alexander vonHumboldt (D) Ferdinand vonRichthofen 10,9,Geography Optional_71st BPSC Mains.pdf,BPSC-SUB-09,Geography (Optional Specialization),0.99,two_pass_taxonomy_v1,Question originates directly from BPSC Geography Optional examination paper.,False,,
BPSC-Q-000366,2026,71st BPSC Mains,Geography Optional,,27,,English,Which of the following statements with reference to 'Behavioural Geography' islare correct?,9,Geography Optional_71st BPSC Mains.pdf,BPSC-SUB-09,Geography (Optional Specialization),0.99,two_pass_taxonomy_v1,Question originates directly from BPSC Geography Optional examination paper.,False,,
BPSC-Q-000367,2026,71st BPSC Mains,Geography Optional,,1,,Unknown,,9,Geography Optional_71st BPSC Mains.pdf,BPSC-SUB-09,Geography (Optional Specialization),0.99,two_pass_taxonomy_v1,Question originates directly from BPSC Geography Optional examination paper.,False,,
BPSC-Q-000368,2026,71st BPSC Mains,Geography Optional,,2,,English,(A) B) (C) (D),9,Geography Optional_71st BPSC Mains.pdf,BPSC-SUB-09,Geography (Optional Specialization),0.99,two_pass_taxonomy_v1,Question originates directly from BPSC Geography Optional examination paper.,False,,
BPSC-Q-000369,2026,71st BPSC Mains,Geography Optional,,1,,Unknown,,9,Geography Optional_71st BPSC Mains.pdf,BPSC-SUB-09,Geography (Optional Specialization),0.99,two_pass_taxonomy_v1,Question originates directly from BPSC Geography Optional examination paper.,False,,
BPSC-Q-000370,2026,71st BPSC Mains,Geography Optional,,2,,Unknown,,9,Geography Optional_71st BPSC Mains.pdf,BPSC-SUB-09,Geography (Optional Specialization),0.99,two_pass_taxonomy_v1,Question originates directly from BPSC Geography Optional examination paper.,False,,
BPSC-Q-000371,2026,71st BPSC Mains,Geography Optional,,3,,English,(B),9,Geography Optional_71st BPSC Mains.pdf,BPSC-SUB-09,Geography (Optional Specialization),0.99,two_pass_taxonomy_v1,Question originates directly from BPSC Geography Optional examination paper.,False,,
BPSC-Q-000372,2026,71st BPSC Mains,Geography Optional,,28,,English,"Which of the following books were written by(Friedrich Ratzel? (C) (D) Behavioural geography does not recognise man as rational person, Gap between theory and practice was seen as a deficiency in Behavioural Geography. Only 1 Only 2 AY Only 1. Both 1 and 2 Neither 1 nor 2 (A) B) Anthropogeographie Political Geography (C) Realm ofNature 1and 2",9,Geography Optional_71st BPSC Mains.pdf,BPSC-SUB-09,Geography (Optional Specialization),0.99,two_pass_taxonomy_v1,Question originates directly from BPSC Geography Optional examination paper.,False,,
BPSC-Q-000373,2026,71st BPSC Mains,Geography Optional,,29,,English,Howmany of the four pairs given below are correctly matched? 2 and 3 (Geographer) Only3 Emmanuel DeMartonne Halford J. Mackinder Oscar Peschel V.V Dokuchaiey (Country) France Britain Genany GA-113 Russia One pair is correctly matched Two pairs are correctly matched Three pairs are correctly matched (D) Four pairs are correctly matched,9,Geography Optional_71st BPSC Mains.pdf,BPSC-SUB-09,Geography (Optional Specialization),0.99,two_pass_taxonomy_v1,Question originates directly from BPSC Geography Optional examination paper.,False,,
BPSC-Q-000374,2026,71st BPSC Mains,Geography Optional,,1,,Unknown,,10,Geography Optional_71st BPSC Mains.pdf,BPSC-SUB-09,Geography (Optional Specialization),0.99,two_pass_taxonomy_v1,Question originates directly from BPSC Geography Optional examination paper.,False,,
BPSC-Q-000375,2026,71st BPSC Mains,Geography Optional,,2,,Unknown,,10,Geography Optional_71st BPSC Mains.pdf,BPSC-SUB-09,Geography (Optional Specialization),0.99,two_pass_taxonomy_v1,Question originates directly from BPSC Geography Optional examination paper.,False,,
BPSC-Q-000376,2026,71st BPSC Mains,Geography Optional,,3,7,English,(A) (B) hT 2 1 tt 2 a-7 (D) haÍ a 1a2 1 in 2 (C) 2 3t 3 (D) hM3 (gtertn) GA-113 () [P.T.O.,10,Geography Optional_71st BPSC Mains.pdf,BPSC-SUB-09,Geography (Optional Specialization),0.99,two_pass_taxonomy_v1,Question originates directly from BPSC Geography Optional examination paper.,False,,
BPSC-Q-000377,2026,71st BPSC Mains,Geography Optional,,30,,English,"Given below are two statements, one 1S labelled as Assertion (Aand the other as Reason (R): Assertion (A): The diffusion of quantitative techniqůes in the 1960s helped gçagraphers develop more refined theories and models. Reason (R): Select the correct answer using the codes given below: Codes: LA) Both (A) and (R)arettue and (R is the correct explanatioRof (A) B) Quantitative techniques are besedon empiriçal observations and allow large amounts of data to be reduced to manageable factors for analysis. Both (A) and (R)are tue but (R) is not the correct explamatjon of (A) (C) (A) is true but (R) is false (D) (A) is false but (R) is true",11,Geography Optional_71st BPSC Mains.pdf,BPSC-SUB-09,Geography (Optional Specialization),0.99,two_pass_taxonomy_v1,Question originates directly from BPSC Geography Optional examination paper.,False,,
BPSC-Q-000378,2026,71st BPSC Mains,Geography Optional,,31,12,English,Cephalic Index' is related to which of the following with reference tohuman race? (A) Hair (B) Height Y Head (D) Hemoglobin 52/GA/CCM-2026-13-A 1002 12,11,Geography Optional_71st BPSC Mains.pdf,BPSC-SUB-09,Geography (Optional Specialization),0.99,two_pass_taxonomy_v1,Question originates directly from BPSC Geography Optional examination paper.,False,,
BPSC-Q-000379,2026,71st BPSC Mains,Geography Optional,,32,,Unknown,,11,Geography Optional_71st BPSC Mains.pdf,BPSC-SUB-09,Geography (Optional Specialization),0.99,two_pass_taxonomy_v1,Question originates directly from BPSC Geography Optional examination paper.,False,,
BPSC-Q-000380,2026,71st BPSC Mains,Geography Optional,,33,,Unknown,,11,Geography Optional_71st BPSC Mains.pdf,BPSC-SUB-09,Geography (Optional Specialization),0.99,two_pass_taxonomy_v1,Question originates directly from BPSC Geography Optional examination paper.,False,,
BPSC-Q-000381,2026,71st BPSC Mains,Geography Optional,,34,,English,Which of the following statements with reference to'Australoids' is/are correct? 1,11,Geography Optional_71st BPSC Mains.pdf,BPSC-SUB-09,Geography (Optional Specialization),0.99,two_pass_taxonomy_v1,Question originates directly from BPSC Geography Optional examination paper.,False,,
BPSC-Q-000382,2026,71st BPSC Mains,Geography Optional,,2,,English,(A) (B) e (D) 1,11,Geography Optional_71st BPSC Mains.pdf,BPSC-SUB-09,Geography (Optional Specialization),0.99,two_pass_taxonomy_v1,Question originates directly from BPSC Geography Optional examination paper.,False,,
BPSC-Q-000383,2026,71st BPSC Mains,Geography Optional,,2,,Unknown,,11,Geography Optional_71st BPSC Mains.pdf,BPSC-SUB-09,Geography (Optional Specialization),0.99,two_pass_taxonomy_v1,Question originates directly from BPSC Geography Optional examination paper.,False,,
BPSC-Q-000384,2026,71st BPSC Mains,Geography Optional,,3,,English,(A) (B) Which of the following belong to the /Mongoloid race?) L) They are a mixture of Negroids and Dravidians. They are concentrated in parts of Northern and Western parts of Australia Onlyl Only 2 Both l and 2 Neither 1 nor 2 (B) Ainu (C) Alpine American Indian/Red Indian Only 1 1 and 2 2 and 3 How many of the four pairs given below are correctly matched? Only 3 (World Human Population) 1 bilion 2billion 3billion 4 billion - (Year) 1850 1900 (A) One pair is correctly matched GA-113 1950 1975 Two pairs are correctly matched Three pairs are correctly matched .D) Four pairs are correctly matched,11,Geography Optional_71st BPSC Mains.pdf,BPSC-SUB-09,Geography (Optional Specialization),0.99,two_pass_taxonomy_v1,Question originates directly from BPSC Geography Optional examination paper.,False,,
BPSC-Q-000385,2026,71st BPSC Mains,Geography Optional,,31,,English,"tt ARUI (R) BI T: afeR (A): 1960 TESH AIHEA Tefi ARUT (R): (A) (A) sir (R) i HU sÂr (R), (A) A (B) (A) tr (R) i H fang (R), (A) A (C) (A) Hafahm (R) TeQI (D) (A)TR, farg (R) HI fALfefeihàHafera a? (A) aT (B) sa (C) fer (D) eifaa 52/GA/CCM-2026-13-A 13",12,Geography Optional_71st BPSC Mains.pdf,BPSC-SUB-09,Geography (Optional Specialization),0.99,two_pass_taxonomy_v1,Question originates directly from BPSC Geography Optional examination paper.,False,,
BPSC-Q-000386,2026,71st BPSC Mains,Geography Optional,,32,,Unknown,1,12,Geography Optional_71st BPSC Mains.pdf,BPSC-SUB-09,Geography (Optional Specialization),0.99,two_pass_taxonomy_v1,Question originates directly from BPSC Geography Optional examination paper.,False,,
BPSC-Q-000387,2026,71st BPSC Mains,Geography Optional,,2,,English,(A) haaJ (B) had 2 (C) (D) 1 2,12,Geography Optional_71st BPSC Mains.pdf,BPSC-SUB-09,Geography (Optional Specialization),0.99,two_pass_taxonomy_v1,Question originates directly from BPSC Geography Optional examination paper.,False,,
BPSC-Q-000388,2026,71st BPSC Mains,Geography Optional,,3,,English,"(A) ar (B) 2 0D2773dGZ IVI"" 1R 2 a-i (C) 29t3 1 3Ra t Iaá2 (D) 3 2 3G 3 3ra 4 3ra (B) yg gafern GA-113 (as) 1850 1900 1950 1975 (P.T.O.",12,Geography Optional_71st BPSC Mains.pdf,BPSC-SUB-09,Geography (Optional Specialization),0.99,two_pass_taxonomy_v1,Question originates directly from BPSC Geography Optional examination paper.,False,,
BPSC-Q-000389,2026,71st BPSC Mains,Geography Optional,,35,,English,"Given below are two statements, one is labelled as Assertion (A) and the other as Reason (R): Assertion (A): Algerian guest workers Reason (R): Codes: Select the correct answer using the codes given below: (A) Both (A) and (R) are true and (R) is the corectèxplanation of(A) moving to France represent an example of migration cặused bypull factors> (B) Both (A) and (R) are true but (R) is not the corfect explanation of (A) Pull factors attract people to anewlocation because they offer better economic opportunities and improved living conditions. (C) (A) is true but (R) is false (D) (A)is false but (R) is true ) Cyprus",13,Geography Optional_71st BPSC Mains.pdf,BPSC-SUB-09,Geography (Optional Specialization),0.99,two_pass_taxonomy_v1,Question originates directly from BPSC Geography Optional examination paper.,False,,
BPSC-Q-000390,2026,71st BPSC Mains,Geography Optional,,36,7,English,") The city of Córdoba, which flourished around 1000 AD, is locątedin whích present-day country? (B) Greece (C) Morocco (D) Spain 1002 7 52/GA/CCIM-2026-13-A 14",13,Geography Optional_71st BPSC Mains.pdf,BPSC-SUB-09,Geography (Optional Specialization),0.99,two_pass_taxonomy_v1,Question originates directly from BPSC Geography Optional examination paper.,False,,
BPSC-Q-000391,2026,71st BPSC Mains,Geography Optional,,37,,English,Which of the following statements with reference to 'Urban share in total world population' is/are correct? 1,13,Geography Optional_71st BPSC Mains.pdf,BPSC-SUB-09,Geography (Optional Specialization),0.99,two_pass_taxonomy_v1,Question originates directly from BPSC Geography Optional examination paper.,False,,
BPSC-Q-000392,2026,71st BPSC Mains,Geography Optional,,2,,English,(B) (C) A) (D),13,Geography Optional_71st BPSC Mains.pdf,BPSC-SUB-09,Geography (Optional Specialization),0.99,two_pass_taxonomy_v1,Question originates directly from BPSC Geography Optional examination paper.,False,,
BPSC-Q-000393,2026,71st BPSC Mains,Geography Optional,,1,,Unknown,2,13,Geography Optional_71st BPSC Mains.pdf,BPSC-SUB-09,Geography (Optional Specialization),0.99,two_pass_taxonomy_v1,Question originates directly from BPSC Geography Optional examination paper.,False,,
BPSC-Q-000394,2026,71st BPSC Mains,Geography Optional,,3,,English,(A) B) (C) It was less than 10% in the year1900.,13,Geography Optional_71st BPSC Mains.pdf,BPSC-SUB-09,Geography (Optional Specialization),0.99,two_pass_taxonomy_v1,Question originates directly from BPSC Geography Optional examination paper.,False,,
BPSC-Q-000395,2026,71st BPSC Mains,Geography Optional,,38,,English,Which of the following countries were part of the Rimland as proposed by N. J. Spykman? D) It was more thar( 50n the year 2 Only 1 Only2 Both 1 and 2 Neither 1 nor2 Japan Portugal SaudiArabia Only l 1and 2 2 and 3 Only 3,13,Geography Optional_71st BPSC Mains.pdf,BPSC-SUB-09,Geography (Optional Specialization),0.99,two_pass_taxonomy_v1,Question originates directly from BPSC Geography Optional examination paper.,False,,
BPSC-Q-000396,2026,71st BPSC Mains,Geography Optional,,39,,English,Howmany of the four pairs given below are correctly matched? (Concept) Conurbation Megalopolis Primate City Rank Size Rule (Geographer) Patrick Geddes 200 Jean Gottmann GA-113 Mark Jefferson GK.Zipf (A) One pair is correctly matched 1 P Two pairs are correctly matched S) Three pairs are correctly matched (D) Four pairs are correctly matched,13,Geography Optional_71st BPSC Mains.pdf,BPSC-SUB-09,Geography (Optional Specialization),0.99,two_pass_taxonomy_v1,Question originates directly from BPSC Geography Optional examination paper.,False,,
BPSC-Q-000397,2026,71st BPSC Mains,Geography Optional,,36,,English,"sia R, 1000 jrinyfafirR (A) ŞA (B) (Ía) (C) t (D) 52/GA/CCM-2026-13-A 15",14,Geography Optional_71st BPSC Mains.pdf,BPSC-SUB-09,Geography (Optional Specialization),0.99,two_pass_taxonomy_v1,Question originates directly from BPSC Geography Optional examination paper.,False,,
BPSC-Q-000398,2026,71st BPSC Mains,Geography Optional,,37,,Unknown,1,14,Geography Optional_71st BPSC Mains.pdf,BPSC-SUB-09,Geography (Optional Specialization),0.99,two_pass_taxonomy_v1,Question originates directly from BPSC Geography Optional examination paper.,False,,
BPSC-Q-000399,2026,71st BPSC Mains,Geography Optional,,2,,English,(A) har 1 (B) a 2 (C) 1 3t 2 i 1a2 D),14,Geography Optional_71st BPSC Mains.pdf,BPSC-SUB-09,Geography (Optional Specialization),0.99,two_pass_taxonomy_v1,Question originates directly from BPSC Geography Optional examination paper.,False,,
BPSC-Q-000400,2026,71st BPSC Mains,Geography Optional,,1,,English,2 3 (A) a1 (B) 1 air 2 (C) 2 3t 3 (D) a 3 (ierrA) GA-113 V 1002773108 (gtet) [P.T.O.,14,Geography Optional_71st BPSC Mains.pdf,BPSC-SUB-09,Geography (Optional Specialization),0.99,two_pass_taxonomy_v1,Question originates directly from BPSC Geography Optional examination paper.,False,,
BPSC-Q-000401,2026,71st BPSC Mains,Geography Optional,,40,16,English,"Given below are two statements, one is labelled as Assertion (A) and the other as Reason (R): Assertion (A):Nationalists often treat the nation as anatural and ancient geo-historical entityyrooted in geography, Reason (R): Geographical representations Select the correct answer using the codes given below: Codes: ,A) Both (A) and () are true and (R) is the correct explanation of (A) such as maps and landscapes have bèen Bsed to construct and reinforce ideas of national identity. (B) Both (A) and (R)are true but (R) is not the corect explanation of (A) (C) (A) is true but (R) is false (D) (A) is false but (R) is true Lali and Agha Jari are important oil producing areas of which of the following countries? (A) Bahrain B) Iran (C) Qatar (D) Saudi Arabija 200T 52/GA/CC/M-2026-13-A 16",15,Geography Optional_71st BPSC Mains.pdf,BPSC-SUB-09,Geography (Optional Specialization),0.99,two_pass_taxonomy_v1,Question originates directly from BPSC Geography Optional examination paper.,False,,
BPSC-Q-000402,2026,71st BPSC Mains,Geography Optional,,42,,Unknown,,15,Geography Optional_71st BPSC Mains.pdf,BPSC-SUB-09,Geography (Optional Specialization),0.99,two_pass_taxonomy_v1,Question originates directly from BPSC Geography Optional examination paper.,False,,
BPSC-Q-000403,2026,71st BPSC Mains,Geography Optional,,43,,Unknown,,15,Geography Optional_71st BPSC Mains.pdf,BPSC-SUB-09,Geography (Optional Specialization),0.99,two_pass_taxonomy_v1,Question originates directly from BPSC Geography Optional examination paper.,False,,
BPSC-Q-000404,2026,71st BPSC Mains,Geography Optional,,44,,English,Which of the following statements with reference to 'Magnetite ore' is/are correct?,15,Geography Optional_71st BPSC Mains.pdf,BPSC-SUB-09,Geography (Optional Specialization),0.99,two_pass_taxonomy_v1,Question originates directly from BPSC Geography Optional examination paper.,False,,
BPSC-Q-000405,2026,71st BPSC Mains,Geography Optional,,1,,Unknown,,15,Geography Optional_71st BPSC Mains.pdf,BPSC-SUB-09,Geography (Optional Specialization),0.99,two_pass_taxonomy_v1,Question originates directly from BPSC Geography Optional examination paper.,False,,
BPSC-Q-000406,2026,71st BPSC Mains,Geography Optional,,2,,English,(A) (C) (D) 1,15,Geography Optional_71st BPSC Mains.pdf,BPSC-SUB-09,Geography (Optional Specialization),0.99,two_pass_taxonomy_v1,Question originates directly from BPSC Geography Optional examination paper.,False,,
BPSC-Q-000407,2026,71st BPSC Mains,Geography Optional,,2,,Unknown,,15,Geography Optional_71st BPSC Mains.pdf,BPSC-SUB-09,Geography (Optional Specialization),0.99,two_pass_taxonomy_v1,Question originates directly from BPSC Geography Optional examination paper.,False,,
BPSC-Q-000408,2026,71st BPSC Mains,Geography Optional,,3,,English,A (B) It is the bes) quality of iron-ore with around 70% of iron content. Which of the following fishing areas is not situated in North West Atlantic Ocean? (C) Kiruna and Magnitogorsk situated in Sweden are its important mines. Only 1 Only 2 Both 1 and 2 Neither 1 nor 2 Georges Bank Green Bank Dogger Bank Only 1 1 and 2 2 and 3 D) Only 3 How many of the four pairs given below are correctly matched? (Coal Field) Campine Durham Inner Mongolia Karaganda (Country) Poland England GA-113 China Russia (A) One pair is correctly matched (B) Two pairs are correctly matched (C) Three pairs are correctly matched (D) Four pairs are correctly matched,15,Geography Optional_71st BPSC Mains.pdf,BPSC-SUB-09,Geography (Optional Specialization),0.99,two_pass_taxonomy_v1,Question originates directly from BPSC Geography Optional examination paper.,False,,
BPSC-Q-000409,2026,71st BPSC Mains,Geography Optional,,41,,English,"AI(UT (R): (A) (A) tr (R) -i HN R (R), (A) Â (B) (A) sấr (R) Ť ật farg (R), (A) (C) (A)HRUfar (R) TAQ| (D) (A) 1T, farg (R) HAI (A) agtr (B) (C) (D) Hsh 3Ha 52/GA/CCM-2026-13-A 17",16,Geography Optional_71st BPSC Mains.pdf,BPSC-SUB-09,Geography (Optional Specialization),0.99,two_pass_taxonomy_v1,Question originates directly from BPSC Geography Optional examination paper.,False,,
BPSC-Q-000410,2026,71st BPSC Mains,Geography Optional,,42,,Unknown,,16,Geography Optional_71st BPSC Mains.pdf,BPSC-SUB-09,Geography (Optional Specialization),0.99,two_pass_taxonomy_v1,Question originates directly from BPSC Geography Optional examination paper.,False,,
BPSC-Q-000411,2026,71st BPSC Mains,Geography Optional,,1,,Unknown,,16,Geography Optional_71st BPSC Mains.pdf,BPSC-SUB-09,Geography (Optional Specialization),0.99,two_pass_taxonomy_v1,Question originates directly from BPSC Geography Optional examination paper.,False,,
BPSC-Q-000412,2026,71st BPSC Mains,Geography Optional,,2,,English,(A) (B) (C),16,Geography Optional_71st BPSC Mains.pdf,BPSC-SUB-09,Geography (Optional Specialization),0.99,two_pass_taxonomy_v1,Question originates directly from BPSC Geography Optional examination paper.,False,,
BPSC-Q-000413,2026,71st BPSC Mains,Geography Optional,,1,,Unknown,,16,Geography Optional_71st BPSC Mains.pdf,BPSC-SUB-09,Geography (Optional Specialization),0.99,two_pass_taxonomy_v1,Question originates directly from BPSC Geography Optional examination paper.,False,,
BPSC-Q-000414,2026,71st BPSC Mains,Geography Optional,,2,,Unknown,,16,Geography Optional_71st BPSC Mains.pdf,BPSC-SUB-09,Geography (Optional Specialization),0.99,two_pass_taxonomy_v1,Question originates directly from BPSC Geography Optional examination paper.,False,,
BPSC-Q-000415,2026,71st BPSC Mains,Geography Optional,,3,,English,(A) (B) (C) (D) A1 G 2 1 3n 2 à-i hal 1 3r 2 2 i3 ha3 GA-113 (Ž) [P.T.O.,16,Geography Optional_71st BPSC Mains.pdf,BPSC-SUB-09,Geography (Optional Specialization),0.99,two_pass_taxonomy_v1,Question originates directly from BPSC Geography Optional examination paper.,False,,
BPSC-Q-000416,2026,71st BPSC Mains,Geography Optional,,45,,English,"Given below are two statements, one is labelled as Assertion (A) and the other as Reason (R): Assertion (A): Forests in mid-latitudes are suited for commercial exploitation. Reason (R): Codes: Select the correct answer using the codes given below: Trees of single species are found homogeneously in large areas. A} Both (A) and (R) are true and (R) is the correct explanation of (A) (B) Both (A) and (R) are true but (R) is not the cofrect explanation of (A) (C) (A) is trucbut (R) is false (D) (A) is false but (R) is true",17,Geography Optional_71st BPSC Mains.pdf,BPSC-SUB-09,Geography (Optional Specialization),0.99,two_pass_taxonomy_v1,Question originates directly from BPSC Geography Optional examination paper.,False,,
BPSC-Q-000417,2026,71st BPSC Mains,Geography Optional,,46,,English,Which of the folowing agriculture type predominate in developing countries? (B) Dairying (A) Commercial Gardening (C) Mediterranean . Intensive Subsistence Agriculture,17,Geography Optional_71st BPSC Mains.pdf,BPSC-SUB-09,Geography (Optional Specialization),0.99,two_pass_taxonomy_v1,Question originates directly from BPSC Geography Optional examination paper.,False,,
BPSC-Q-000418,2026,71st BPSC Mains,Geography Optional,,2,,Unknown,,17,Geography Optional_71st BPSC Mains.pdf,BPSC-SUB-09,Geography (Optional Specialization),0.99,two_pass_taxonomy_v1,Question originates directly from BPSC Geography Optional examination paper.,False,,
BPSC-Q-000419,2026,71st BPSC Mains,Geography Optional,,47,,English,Which of the following statements with reference to 'Plantation agriculture' is/are correct?,17,Geography Optional_71st BPSC Mains.pdf,BPSC-SUB-09,Geography (Optional Specialization),0.99,two_pass_taxonomy_v1,Question originates directly from BPSC Geography Optional examination paper.,False,,
BPSC-Q-000420,2026,71st BPSC Mains,Geography Optional,,1,,English,"These yere, developed by the Europeaps to cultivate crops like Rubber, ofee and Tea Large amount oflabour and capital are required for such plantations, (A) Onlyl (B) Only2 e) Both l and 2 (D) Neither I hor2 pO 52/GA/CCIM-2026-13-A 18",17,Geography Optional_71st BPSC Mains.pdf,BPSC-SUB-09,Geography (Optional Specialization),0.99,two_pass_taxonomy_v1,Question originates directly from BPSC Geography Optional examination paper.,False,,
BPSC-Q-000421,2026,71st BPSC Mains,Geography Optional,,48,,Unknown,,17,Geography Optional_71st BPSC Mains.pdf,BPSC-SUB-09,Geography (Optional Specialization),0.99,two_pass_taxonomy_v1,Question originates directly from BPSC Geography Optional examination paper.,False,,
BPSC-Q-000422,2026,71st BPSC Mains,Geography Optional,,49,,Unknown,,17,Geography Optional_71st BPSC Mains.pdf,BPSC-SUB-09,Geography (Optional Specialization),0.99,two_pass_taxonomy_v1,Question originates directly from BPSC Geography Optional examination paper.,False,,
BPSC-Q-000423,2026,71st BPSC Mains,Geography Optional,,50,,English,Which ofthe following is/are a non-recyclable resource? 1,17,Geography Optional_71st BPSC Mains.pdf,BPSC-SUB-09,Geography (Optional Specialization),0.99,two_pass_taxonomy_v1,Question originates directly from BPSC Geography Optional examination paper.,False,,
BPSC-Q-000424,2026,71st BPSC Mains,Geography Optional,,2,,English,"3 (A) Only 1 (B) 1 and 2 (Y 2and 3 (D) Only 3 How many of the four pairs given below are correctly matched? 1 (Industrial Region) 2 3 Water o Metallic-ores 4 Fossil Fuels (A) LB) (D) Belfast Keihin Kuzbas (C) (D) Rhur-Westphalia (Country) Scotland Codes: South Korea Russia One pair is correctly matched Two pairs are correctly matched Given below are two statements, one is labelled as Assertion (A) and the other as Reason (R): Germany Three pairs are correctly matched Four pairs are correctly matched Assertion (A): Donetsk and Dnepropetrovsk in Ukraine have developed as Reason (R): Coal from Donbas, iron-ore from Krivoi-Rog and Manganese from Nikopol have provided a basis for iron and steel industry in the region. Select the correct answer using the codes given below: A) Both (A) and (R) are true and (R) is the correct explanation of(A) an important centre for iron and steel and heavy engineering. - (B) Both (A) and (R) are true but (R) is not the corect explanation of (A) GA-113 (A)is true but (R) is false. (A) is false but (R) is true.",17,Geography Optional_71st BPSC Mains.pdf,BPSC-SUB-09,Geography (Optional Specialization),0.99,two_pass_taxonomy_v1,Question originates directly from BPSC Geography Optional examination paper.,False,,
BPSC-Q-000425,2026,71st BPSC Mains,Geography Optional,,46,,Unknown,,18,Geography Optional_71st BPSC Mains.pdf,BPSC-SUB-09,Geography (Optional Specialization),0.99,two_pass_taxonomy_v1,Question originates directly from BPSC Geography Optional examination paper.,False,,
BPSC-Q-000426,2026,71st BPSC Mains,Geography Optional,,47,,English,"(A) (A) stt (R) ai H s (R), (A) âi HRUT (R): (B) (A) sr (R) i Hậ fang (R), (A) AT (C) (A)Haferg (R) TTA AI (D) (A)rTA, far R) HraQI (A) aHIfE AHari (B) 3T (C)",18,Geography Optional_71st BPSC Mains.pdf,BPSC-SUB-09,Geography (Optional Specialization),0.99,two_pass_taxonomy_v1,Question originates directly from BPSC Geography Optional examination paper.,False,,
BPSC-Q-000427,2026,71st BPSC Mains,Geography Optional,,1,,English,(D) Taafg fa,18,Geography Optional_71st BPSC Mains.pdf,BPSC-SUB-09,Geography (Optional Specialization),0.99,two_pass_taxonomy_v1,Question originates directly from BPSC Geography Optional examination paper.,False,,
BPSC-Q-000428,2026,71st BPSC Mains,Geography Optional,,2,,English,AUu (A) haM 1 (B) A 2 (C) 1 st 2 a (D) aa 1 aa2 52/GA/CCM-2026-13-A 19,18,Geography Optional_71st BPSC Mains.pdf,BPSC-SUB-09,Geography (Optional Specialization),0.99,two_pass_taxonomy_v1,Question originates directly from BPSC Geography Optional examination paper.,False,,
BPSC-Q-000429,2026,71st BPSC Mains,Geography Optional,,48,,Unknown,,18,Geography Optional_71st BPSC Mains.pdf,BPSC-SUB-09,Geography (Optional Specialization),0.99,two_pass_taxonomy_v1,Question originates directly from BPSC Geography Optional examination paper.,False,,
BPSC-Q-000430,2026,71st BPSC Mains,Geography Optional,,1,,Unknown,,18,Geography Optional_71st BPSC Mains.pdf,BPSC-SUB-09,Geography (Optional Specialization),0.99,two_pass_taxonomy_v1,Question originates directly from BPSC Geography Optional examination paper.,False,,
BPSC-Q-000431,2026,71st BPSC Mains,Geography Optional,,2,,Unknown,,18,Geography Optional_71st BPSC Mains.pdf,BPSC-SUB-09,Geography (Optional Specialization),0.99,two_pass_taxonomy_v1,Question originates directly from BPSC Geography Optional examination paper.,False,,
BPSC-Q-000432,2026,71st BPSC Mains,Geography Optional,,3,,English,"(A) (B) (C) aA I 1 ir 2 0027i 2 3t 3 (D) haA 3 2 afa (3ħafrea a) 3 gaH 4R-àtafre hI{UT (R): () (A) (A) sitr (R) Ť U (R), (A) (B) (A) tr (R) i t fahg (R), (A) 1 (C) (A) ga fg (R) TeatI GA-113 (D) (A) TH, fa (R) HUI [P.T.O.",18,Geography Optional_71st BPSC Mains.pdf,BPSC-SUB-09,Geography (Optional Specialization),0.99,two_pass_taxonomy_v1,Question originates directly from BPSC Geography Optional examination paper.,False,,
BPSC-Q-000433,2026,71st BPSC Mains,Geography Optional,,51,,English,Magnolia and Cinchona trees found in Soutb India are species of which ofthe following forest types?,19,Geography Optional_71st BPSC Mains.pdf,BPSC-SUB-09,Geography (Optional Specialization),0.99,two_pass_taxonomy_v1,Question originates directly from BPSC Geography Optional examination paper.,False,,
BPSC-Q-000434,2026,71st BPSC Mains,Geography Optional,,52,,English,CAY Dry Deciduous Forests (B) Moist Deciduous Forestoe (C) Temperate Forest t (D) Tropical Evergreen Forest e Which of the following statements with reference to Chambal River'is/are correct?,19,Geography Optional_71st BPSC Mains.pdf,BPSC-SUB-09,Geography (Optional Specialization),0.99,two_pass_taxonomy_v1,Question originates directly from BPSC Geography Optional examination paper.,False,,
BPSC-Q-000435,2026,71st BPSC Mains,Geography Optional,,1,,English,2 (A) (B),19,Geography Optional_71st BPSC Mains.pdf,BPSC-SUB-09,Geography (Optional Specialization),0.99,two_pass_taxonomy_v1,Question originates directly from BPSC Geography Optional examination paper.,False,,
BPSC-Q-000436,2026,71st BPSC Mains,Geography Optional,,1,,English,It originates in Malwa Plateau near Indore and flows for 1050 km before joining Yamuna near Etawah.,19,Geography Optional_71st BPSC Mains.pdf,BPSC-SUB-09,Geography (Optional Specialization),0.99,two_pass_taxonomy_v1,Question originates directly from BPSC Geography Optional examination paper.,False,,
BPSC-Q-000437,2026,71st BPSC Mains,Geography Optional,,2,,English,"Banas, Kali and Parbati are its left bank ributaries",19,Geography Optional_71st BPSC Mains.pdf,BPSC-SUB-09,Geography (Optional Specialization),0.99,two_pass_taxonomy_v1,Question originates directly from BPSC Geography Optional examination paper.,False,,
BPSC-Q-000438,2026,71st BPSC Mains,Geography Optional,,3,,English,Only 1 (D) Neither 1 nor2 Only 2 Both 1 and 2,19,Geography Optional_71st BPSC Mains.pdf,BPSC-SUB-09,Geography (Optional Specialization),0.99,two_pass_taxonomy_v1,Question originates directly from BPSC Geography Optional examination paper.,False,,
BPSC-Q-000439,2026,71st BPSC Mains,Geography Optional,,53,,English,Which of the following mountain passghat is/ are in Aravalli mountain range? Debsa Pass Goran Ghat Haldi Ghạ (A) Only 1 I and 2 (C) 2 and 3 (D) Only 3 1002 52/GA/CCM-2026-13-A 100277 20,19,Geography Optional_71st BPSC Mains.pdf,BPSC-SUB-09,Geography (Optional Specialization),0.99,two_pass_taxonomy_v1,Question originates directly from BPSC Geography Optional examination paper.,False,,
BPSC-Q-000440,2026,71st BPSC Mains,Geography Optional,,54,,English,How many of the four pairs given below are correctly matched? (Mountain Peak) Guru Shikhar Dhoopgarh (Pushpagn Nimalgiri) e) (C) (D) (A) One pair is correctly matched (Mountain Range) Aravalli Satpura Reason (R): Western Ghats Two pairs are correctly matched Eastern Ghats Three pairs are correctly matched Codes: (C) Four pairs are correctly matched,19,Geography Optional_71st BPSC Mains.pdf,BPSC-SUB-09,Geography (Optional Specialization),0.99,two_pass_taxonomy_v1,Question originates directly from BPSC Geography Optional examination paper.,False,,
BPSC-Q-000441,2026,71st BPSC Mains,Geography Optional,,55,,English,"Given below are two statements, one 1s labelled as Assertion (A) and the other as Reason (R): Assertion (A): The southern slopes of the Select the correct answer using the codes given below: GA-113 Himalayas have a thicker vegetation cover than the northern slopes. The southern slopes receive relatively higher precipitation, while the northem slopes lie in the rain-shadow region and are comparatively drier. , (A) Both (A) and (R) are true and (R) is the correct explanation of(A) (B) Both (A) and (R) are true but (R) is not the correct explanation oť(A) (A) is true but (R) is false (D) (A) is false but (R) is true",19,Geography Optional_71st BPSC Mains.pdf,BPSC-SUB-09,Geography (Optional Specialization),0.99,two_pass_taxonomy_v1,Question originates directly from BPSC Geography Optional examination paper.,False,,
BPSC-Q-000442,2026,71st BPSC Mains,Geography Optional,,52,,English,1 (B) qufuri a (C) HAyftrats a 2 1,20,Geography Optional_71st BPSC Mains.pdf,BPSC-SUB-09,Geography (Optional Specialization),0.99,two_pass_taxonomy_v1,Question originates directly from BPSC Geography Optional examination paper.,False,,
BPSC-Q-000443,2026,71st BPSC Mains,Geography Optional,,2,,English,(A) haMİ (B) hM2 (C) (D),20,Geography Optional_71st BPSC Mains.pdf,BPSC-SUB-09,Geography (Optional Specialization),0.99,two_pass_taxonomy_v1,Question originates directly from BPSC Geography Optional examination paper.,False,,
BPSC-Q-000444,2026,71st BPSC Mains,Geography Optional,,3,,English,"jTŽfRra? 1 stt 2 ai l aá2 (A) aa 1 (B) 1 n 2 (C) 23Ần 3 (D) hdM3 52/GA/CCM-2026-13-A 21 (qáa frR) hRUT (R): (A) (A) îr (R) aai g sr (R), (A) Â (B) (A) 3Âr (R) Ť Hat fag (R), (A) N (C) (A) HU fahrg (R) TrTAtI (D) (A)TR, fanrg (R) HeU?I GA-113 [P.T.O.",20,Geography Optional_71st BPSC Mains.pdf,BPSC-SUB-09,Geography (Optional Specialization),0.99,two_pass_taxonomy_v1,Question originates directly from BPSC Geography Optional examination paper.,False,,
BPSC-Q-000445,2026,71st BPSC Mains,Geography Optional,,56,,English,Which of the following state had a negative growth rate of population between 2001 to 2011?,21,Geography Optional_71st BPSC Mains.pdf,BPSC-SUB-09,Geography (Optional Specialization),0.99,two_pass_taxonomy_v1,Question originates directly from BPSC Geography Optional examination paper.,False,,
BPSC-Q-000446,2026,71st BPSC Mains,Geography Optional,,57,,English,(A) Arunachal Pradesh Le Nagaland,21,Geography Optional_71st BPSC Mains.pdf,BPSC-SUB-09,Geography (Optional Specialization),0.99,two_pass_taxonomy_v1,Question originates directly from BPSC Geography Optional examination paper.,False,,
BPSC-Q-000447,2026,71st BPSC Mains,Geography Optional,,58,,English,(B) Manipur (D) Which of the following statements with reference to 'Population Density in India' is/are correct?,21,Geography Optional_71st BPSC Mains.pdf,BPSC-SUB-09,Geography (Optional Specialization),0.99,two_pass_taxonomy_v1,Question originates directly from BPSC Geography Optional examination paper.,False,,
BPSC-Q-000448,2026,71st BPSC Mains,Geography Optional,,1,,Unknown,,21,Geography Optional_71st BPSC Mains.pdf,BPSC-SUB-09,Geography (Optional Specialization),0.99,two_pass_taxonomy_v1,Question originates directly from BPSC Geography Optional examination paper.,False,,
BPSC-Q-000449,2026,71st BPSC Mains,Geography Optional,,2,,English,Meghalaya (B) Population Density of Sharkhandwas more than the National average as per Census 2011. (Ay Only 1 Population density of Lakshadweep was more than 2000 persons per square Km as per Census 201a 0,21,Geography Optional_71st BPSC Mains.pdf,BPSC-SUB-09,Geography (Optional Specialization),0.99,two_pass_taxonomy_v1,Question originates directly from BPSC Geography Optional examination paper.,False,,
BPSC-Q-000450,2026,71st BPSC Mains,Geography Optional,,3,,English,Only 24 (C) Both 1and 2 (D) Neither lnốr 2 Which of the following tribes found in the Andaman and Nicobar Islands is/are Mongoloid?) Jarawa,21,Geography Optional_71st BPSC Mains.pdf,BPSC-SUB-09,Geography (Optional Specialization),0.99,two_pass_taxonomy_v1,Question originates directly from BPSC Geography Optional examination paper.,False,,
BPSC-Q-000451,2026,71st BPSC Mains,Geography Optional,,2,,English,Sentinelese Shompens (A) Only 1,21,Geography Optional_71st BPSC Mains.pdf,BPSC-SUB-09,Geography (Optional Specialization),0.99,two_pass_taxonomy_v1,Question originates directly from BPSC Geography Optional examination paper.,False,,
BPSC-Q-000452,2026,71st BPSC Mains,Geography Optional,,0,,English,0T l and 2 (C) 2 and 3 (D) Only 3 52/GA/CCM-2026-13-A,21,Geography Optional_71st BPSC Mains.pdf,BPSC-SUB-09,Geography (Optional Specialization),0.99,two_pass_taxonomy_v1,Question originates directly from BPSC Geography Optional examination paper.,False,,
BPSC-Q-000453,2026,71st BPSC Mains,Geography Optional,,59,,Unknown,,21,Geography Optional_71st BPSC Mains.pdf,BPSC-SUB-09,Geography (Optional Specialization),0.99,two_pass_taxonomy_v1,Question originates directly from BPSC Geography Optional examination paper.,False,,
BPSC-Q-000454,2026,71st BPSC Mains,Geography Optional,,60,,English,"22 How many of the four pairs given below are correctly matched? (Census Year) (Density of population in India) 1901 1951 1971 2011 (C) (A) One pair is correctly matched (D) B} Two pairs are correctly matched 77 117 277 d Three pairs are correctly matched Four pairs are correctly matched Reason (R): Given below are two statementS, one is labelled as Assertion (A) and the other as Reason (R): Assertion (A); The plains of North India have a higher density of population compared to the Himalayas. Codes: Select the correct answer using the codes given below: Climate, terain andavailability of water largely influence the spatial distribution of population. (A), Both (A) and (R) are true and (R) is the correct explanation of(A) GA-113 (B) Both (A) and (R) are true but (R) is not the correct explanation of (A) (C) (A) is true but (R) is false (D) (A) is false but (R) is true",21,Geography Optional_71st BPSC Mains.pdf,BPSC-SUB-09,Geography (Optional Specialization),0.99,two_pass_taxonomy_v1,Question originates directly from BPSC Geography Optional examination paper.,False,,
BPSC-Q-000455,2026,71st BPSC Mains,Geography Optional,,56,,English,Affa ia fbH 2001 à 2011 à a,22,Geography Optional_71st BPSC Mains.pdf,BPSC-SUB-09,Geography (Optional Specialization),0.99,two_pass_taxonomy_v1,Question originates directly from BPSC Geography Optional examination paper.,False,,
BPSC-Q-000456,2026,71st BPSC Mains,Geography Optional,,57,,Unknown,,22,Geography Optional_71st BPSC Mains.pdf,BPSC-SUB-09,Geography (Optional Specialization),0.99,two_pass_taxonomy_v1,Question originates directly from BPSC Geography Optional examination paper.,False,,
BPSC-Q-000457,2026,71st BPSC Mains,Geography Optional,,3,,English,(A) 3EUTd YI,22,Geography Optional_71st BPSC Mains.pdf,BPSC-SUB-09,Geography (Optional Specialization),0.99,two_pass_taxonomy_v1,Question originates directly from BPSC Geography Optional examination paper.,False,,
BPSC-Q-000458,2026,71st BPSC Mains,Geography Optional,,2,,English,(B),22,Geography Optional_71st BPSC Mains.pdf,BPSC-SUB-09,Geography (Optional Specialization),0.99,two_pass_taxonomy_v1,Question originates directly from BPSC Geography Optional examination paper.,False,,
BPSC-Q-000459,2026,71st BPSC Mains,Geography Optional,,1,,English,(C) s,22,Geography Optional_71st BPSC Mains.pdf,BPSC-SUB-09,Geography (Optional Specialization),0.99,two_pass_taxonomy_v1,Question originates directly from BPSC Geography Optional examination paper.,False,,
BPSC-Q-000460,2026,71st BPSC Mains,Geography Optional,,2,,English,forg (D) u,22,Geography Optional_71st BPSC Mains.pdf,BPSC-SUB-09,Geography (Optional Specialization),0.99,two_pass_taxonomy_v1,Question originates directly from BPSC Geography Optional examination paper.,False,,
BPSC-Q-000461,2026,71st BPSC Mains,Geography Optional,,1,,English,(A) haI (B) hM2 (C) 1 r 2 i UGI 2011 47HR THAURGI (A) haal (B) 1 Ầt 2 (C) 2 3âN 3 (D) aM3 52/GA/CCIM-2026-13-A 23,22,Geography Optional_71st BPSC Mains.pdf,BPSC-SUB-09,Geography (Optional Specialization),0.99,two_pass_taxonomy_v1,Question originates directly from BPSC Geography Optional examination paper.,False,,
BPSC-Q-000462,2026,71st BPSC Mains,Geography Optional,,59,,English,"(UIa) 1901 1951 1971 2011 ARUT (R): 77 117 177 277 (A) (A) âN (R) i HRt (R), (A) Á GA-113 (B) (A) att (R) -i Hậtfarg (R), (A)i (C) (A) HUfhrd (R) TAI (D) (A)TH, a (R) HaQI [P.T.O.",22,Geography Optional_71st BPSC Mains.pdf,BPSC-SUB-09,Geography (Optional Specialization),0.99,two_pass_taxonomy_v1,Question originates directly from BPSC Geography Optional examination paper.,False,,
BPSC-Q-000463,2026,71st BPSC Mains,Geography Optional,,61,,Unknown,,23,Geography Optional_71st BPSC Mains.pdf,BPSC-SUB-09,Geography (Optional Specialization),0.99,two_pass_taxonomy_v1,Question originates directly from BPSC Geography Optional examination paper.,False,,
BPSC-Q-000464,2026,71st BPSC Mains,Geography Optional,,62,,Unknown,,23,Geography Optional_71st BPSC Mains.pdf,BPSC-SUB-09,Geography (Optional Specialization),0.99,two_pass_taxonomy_v1,Question originates directly from BPSC Geography Optional examination paper.,False,,
BPSC-Q-000465,2026,71st BPSC Mains,Geography Optional,,63,,English,"Which of the following state in India is the largest producer of Magnesitçafter Tamil Nadu? eAt Gujarat (C) (D) Utarakhand 1 2 Which of the following statements with reference to 'Land-Use Classes in India"" is/are correct? e Maharashtra Meghalaya (A) Only 1",23,Geography Optional_71st BPSC Mains.pdf,BPSC-SUB-09,Geography (Optional Specialization),0.99,two_pass_taxonomy_v1,Question originates directly from BPSC Geography Optional examination paper.,False,,
BPSC-Q-000466,2026,71st BPSC Mains,Geography Optional,,1,,English,This is a cultivable land which is left uncultivated for more than a year but less than five years. a (C) Both l and2,23,Geography Optional_71st BPSC Mains.pdf,BPSC-SUB-09,Geography (Optional Specialization),0.99,two_pass_taxonomy_v1,Question originates directly from BPSC Geography Optional examination paper.,False,,
BPSC-Q-000467,2026,71st BPSC Mains,Geography Optional,,3,,English,"Ifthe land is leftuncultivated for more than five years,t would be categorised as culturablewasteland.) Only 2 (B) (D) Neither 1 nor 2 Which ofthe following state(s) have more than 75% of their geographical area under forest cover as per India State of Forest Report 2023?",23,Geography Optional_71st BPSC Mains.pdf,BPSC-SUB-09,Geography (Optional Specialization),0.99,two_pass_taxonomy_v1,Question originates directly from BPSC Geography Optional examination paper.,False,,
BPSC-Q-000468,2026,71st BPSC Mains,Geography Optional,,2,,English,Sikkim i00277 Arunachal Pradesh Utarakhand Ls Only 1 I and 2 T'0021 (C) 2and 3 (D) Only 3 1007 52/GA/CC/M-2026-13-A 24,23,Geography Optional_71st BPSC Mains.pdf,BPSC-SUB-09,Geography (Optional Specialization),0.99,two_pass_taxonomy_v1,Question originates directly from BPSC Geography Optional examination paper.,False,,
BPSC-Q-000469,2026,71st BPSC Mains,Geography Optional,,64,,English,How many of the four nairs given below are correctly matched? (Mineral) Bauxite Copper Limestone Manganese (B) (C) (D) Ar 0ne pair is correctly matched Assertion (A): (Leading Producer State) Reason (R): Odisha Rajasthan X Two pairs are correctly matched Codes: Chhattisgarh o Three pairs are correctly matched Four pairs are correctly matched,23,Geography Optional_71st BPSC Mains.pdf,BPSC-SUB-09,Geography (Optional Specialization),0.99,two_pass_taxonomy_v1,Question originates directly from BPSC Geography Optional examination paper.,False,,
BPSC-Q-000470,2026,71st BPSC Mains,Geography Optional,,65,,English,"Given below are two statements, one is labelled as Assertion (A) and the other as Reason (R): (C) Maharashtra of Select the correct answer using the codes given below: GA-I13 Regions with relatively high rainfall can also experience water scarcity.) Over-exploitation, excessive consumption and mismanagement of water resources may create water shortages even in water-rich regions. (A) Both (A) and (R) are true and (R) is the correct explanation of (A) (B) Both (A) and (R) are true but (R) is not the corect explanation of(A) (A)is true but (R) is false. (D) (A) is false but (R) is true.",23,Geography Optional_71st BPSC Mains.pdf,BPSC-SUB-09,Geography (Optional Specialization),0.99,two_pass_taxonomy_v1,Question originates directly from BPSC Geography Optional examination paper.,False,,
BPSC-Q-000471,2026,71st BPSC Mains,Geography Optional,,61,,Unknown,,24,Geography Optional_71st BPSC Mains.pdf,BPSC-SUB-09,Geography (Optional Specialization),0.99,two_pass_taxonomy_v1,Question originates directly from BPSC Geography Optional examination paper.,False,,
BPSC-Q-000472,2026,71st BPSC Mains,Geography Optional,,62,,Unknown,,24,Geography Optional_71st BPSC Mains.pdf,BPSC-SUB-09,Geography (Optional Specialization),0.99,two_pass_taxonomy_v1,Question originates directly from BPSC Geography Optional examination paper.,False,,
BPSC-Q-000473,2026,71st BPSC Mains,Geography Optional,,63,,English,(A) RIA (B) 4ERI (C) tur 1 (D) 3RGG,24,Geography Optional_71st BPSC Mains.pdf,BPSC-SUB-09,Geography (Optional Specialization),0.99,two_pass_taxonomy_v1,Question originates directly from BPSC Geography Optional examination paper.,False,,
BPSC-Q-000474,2026,71st BPSC Mains,Geography Optional,,1,,English,3 (B) haa2,24,Geography Optional_71st BPSC Mains.pdf,BPSC-SUB-09,Geography (Optional Specialization),0.99,two_pass_taxonomy_v1,Question originates directly from BPSC Geography Optional examination paper.,False,,
BPSC-Q-000475,2026,71st BPSC Mains,Geography Optional,,2,,English,"(C) 1ar 2 ai (A) aa1 (D) aa 1 aa2 KA ÁI Afpafr fruie 2023 34R, A-eT",24,Geography Optional_71st BPSC Mains.pdf,BPSC-SUB-09,Geography (Optional Specialization),0.99,two_pass_taxonomy_v1,Question originates directly from BPSC Geography Optional examination paper.,False,,
BPSC-Q-000476,2026,71st BPSC Mains,Geography Optional,,2,25,English,(B) 1 3n 2 (C) 2 3n 3 (D) haa3 52/GA/CCM-2026-13-A 25 (afta) (A) (B) g Hậ yatera,24,Geography Optional_71st BPSC Mains.pdf,BPSC-SUB-09,Geography (Optional Specialization),0.99,two_pass_taxonomy_v1,Question originates directly from BPSC Geography Optional examination paper.,False,,
BPSC-Q-000477,2026,71st BPSC Mains,Geography Optional,,65,,English,"àậAỤT fh EÌ 3ÍNGNĦ (A) 00T (3guft 3AIGA {U ) aRUT (R) : (A) (A)st (R) i HU r (R, (A) A (B) (A) t (R) ari Hậ farg (R), (A) (C) (A)U, faa (R) YNeTAQI (D) (A)Tn, farg (R) HARI GA-113 [P.T.O.",24,Geography Optional_71st BPSC Mains.pdf,BPSC-SUB-09,Geography (Optional Specialization),0.99,two_pass_taxonomy_v1,Question originates directly from BPSC Geography Optional examination paper.,False,,
BPSC-Q-000478,2026,71st BPSC Mains,Geography Optional,,66,,Unknown,,25,Geography Optional_71st BPSC Mains.pdf,BPSC-SUB-09,Geography (Optional Specialization),0.99,two_pass_taxonomy_v1,Question originates directly from BPSC Geography Optional examination paper.,False,,
BPSC-Q-000479,2026,71st BPSC Mains,Geography Optional,,67,,English,Coffee was first introduced and cultivated in ndia at which onc of the following places? (A) Baba Budan Hills (B) (C) Nilgiris Hils (D) Palni Hills Which of the following statements with reference to Jowar crop in India' is/are correct?,25,Geography Optional_71st BPSC Mains.pdf,BPSC-SUB-09,Geography (Optional Specialization),0.99,two_pass_taxonomy_v1,Question originates directly from BPSC Geography Optional examination paper.,False,,
BPSC-Q-000480,2026,71st BPSC Mains,Geography Optional,,1,,Unknown,,25,Geography Optional_71st BPSC Mains.pdf,BPSC-SUB-09,Geography (Optional Specialization),0.99,two_pass_taxonomy_v1,Question originates directly from BPSC Geography Optional examination paper.,False,,
BPSC-Q-000481,2026,71st BPSC Mains,Geography Optional,,2,,English,(A) (B) Javadi Hills,25,Geography Optional_71st BPSC Mains.pdf,BPSC-SUB-09,Geography (Optional Specialization),0.99,two_pass_taxonomy_v1,Question originates directly from BPSC Geography Optional examination paper.,False,,
BPSC-Q-000482,2026,71st BPSC Mains,Geography Optional,,1,,Unknown,,25,Geography Optional_71st BPSC Mains.pdf,BPSC-SUB-09,Geography (Optional Specialization),0.99,two_pass_taxonomy_v1,Question originates directly from BPSC Geography Optional examination paper.,False,,
BPSC-Q-000483,2026,71st BPSC Mains,Geography Optional,,2,,English,Maharashtra is the leading producer of Jowar in India.,25,Geography Optional_71st BPSC Mains.pdf,BPSC-SUB-09,Geography (Optional Specialization),0.99,two_pass_taxonomy_v1,Question originates directly from BPSC Geography Optional examination paper.,False,,
BPSC-Q-000484,2026,71st BPSC Mains,Geography Optional,,3,,English,It is sown in both kharif and rabi seasons in southern states but it is a kharif crop in northern India. Only 1ą (D) Neither 1 nor 2 Only 2,25,Geography Optional_71st BPSC Mains.pdf,BPSC-SUB-09,Geography (Optional Specialization),0.99,two_pass_taxonomy_v1,Question originates directly from BPSC Geography Optional examination paper.,False,,
BPSC-Q-000485,2026,71st BPSC Mains,Geography Optional,,68,,English,Agro-forestry and community-forestry.are subcategornes of which of the following types of social forestry? C) Both l and2 Urban Forestry Farm Forestry) Rural Forestry (A) Only 1 and 2 1002t (C) 2and 3 w) Only 3 52/GA/CCM-2026-13-A 26,25,Geography Optional_71st BPSC Mains.pdf,BPSC-SUB-09,Geography (Optional Specialization),0.99,two_pass_taxonomy_v1,Question originates directly from BPSC Geography Optional examination paper.,False,,
BPSC-Q-000486,2026,71st BPSC Mains,Geography Optional,,69,,Unknown,,25,Geography Optional_71st BPSC Mains.pdf,BPSC-SUB-09,Geography (Optional Specialization),0.99,two_pass_taxonomy_v1,Question originates directly from BPSC Geography Optional examination paper.,False,,
BPSC-Q-000487,2026,71st BPSC Mains,Geography Optional,,70,,English,"How many of the four pairs given below are correctly matched? (Dam) (Mettur Pravara Ramagundam Tungabhadra (A) B} (C) S (State) Tamil Nadu (B) Maharashtra Andhra Pradesh L One pair is correctly matched (C) Karnataka Two pairs are correctly nmatched Codes: Three pairs are correctly matched Given below are two statements, one is labelled as Assertion (A) and the other as Reason (R): Four pairs are correctly matched Assertion (A): The Pradhan Mantri Krishi Sinchayee Yojana promotes efficient use of water resources in agriculture. Reason (R): The programme encourages Select the correct answer using the codes given below: (A) Both (A) and (R) are true and (R) is the correct explanation of (A) GA-113 irrigation technologies and practices such as “Per Drop More Crop"". Both (A) and (R) are true but (R) İs not the correct explanation of (A) (A)is true but (R) is false (D) (A) is false but (R) is true",25,Geography Optional_71st BPSC Mains.pdf,BPSC-SUB-09,Geography (Optional Specialization),0.99,two_pass_taxonomy_v1,Question originates directly from BPSC Geography Optional examination paper.,False,,
BPSC-Q-000488,2026,71st BPSC Mains,Geography Optional,,1,,English,(A) hT1 (B) 2,26,Geography Optional_71st BPSC Mains.pdf,BPSC-SUB-09,Geography (Optional Specialization),0.99,two_pass_taxonomy_v1,Question originates directly from BPSC Geography Optional examination paper.,False,,
BPSC-Q-000489,2026,71st BPSC Mains,Geography Optional,,2,,English,(C) 1 t 2 i,26,Geography Optional_71st BPSC Mains.pdf,BPSC-SUB-09,Geography (Optional Specialization),0.99,two_pass_taxonomy_v1,Question originates directly from BPSC Geography Optional examination paper.,False,,
BPSC-Q-000490,2026,71st BPSC Mains,Geography Optional,,2,,English,D) a1aa2,26,Geography Optional_71st BPSC Mains.pdf,BPSC-SUB-09,Geography (Optional Specialization),0.99,two_pass_taxonomy_v1,Question originates directly from BPSC Geography Optional examination paper.,False,,
BPSC-Q-000491,2026,71st BPSC Mains,Geography Optional,,3,,English,"(A) har l (B) 1 ấr 2 (C) 2 3n 3 (D) a 3 52/GA/CC/M-2026-13-A 27 (aiu) RUT (R): E2220 (ta) (A) (A) 3tr (R) ai H (R), (A) A (B) (A) sfr (R) aai rà g (R), (A) A (C) (A) HU, fa (R) Ter I GA-U3 (D) (A)R, faa (R) #URI [P.T.O.",26,Geography Optional_71st BPSC Mains.pdf,BPSC-SUB-09,Geography (Optional Specialization),0.99,two_pass_taxonomy_v1,Question originates directly from BPSC Geography Optional examination paper.,False,,
BPSC-Q-000492,2026,71st BPSC Mains,Geography Optional,,71,,English,The Indian Copper Coporation Limited was set up in whrch of the tollowing years?,27,Geography Optional_71st BPSC Mains.pdf,BPSC-SUB-09,Geography (Optional Specialization),0.99,two_pass_taxonomy_v1,Question originates directly from BPSC Geography Optional examination paper.,False,,
BPSC-Q-000493,2026,71st BPSC Mains,Geography Optional,,72,,English,(A) 1914 (C) 1957 BA 1924 (D) 1967 Which of the following statements with reference to `Cement industry in India' is/are correct?,27,Geography Optional_71st BPSC Mains.pdf,BPSC-SUB-09,Geography (Optional Specialization),0.99,two_pass_taxonomy_v1,Question originates directly from BPSC Geography Optional examination paper.,False,,
BPSC-Q-000494,2026,71st BPSC Mains,Geography Optional,,1,,Unknown,,27,Geography Optional_71st BPSC Mains.pdf,BPSC-SUB-09,Geography (Optional Specialization),0.99,two_pass_taxonomy_v1,Question originates directly from BPSC Geography Optional examination paper.,False,,
BPSC-Q-000495,2026,71st BPSC Mains,Geography Optional,,2,,English,"(B) (A) Only 1 1 The first cement plant in India was set-up in Madras (Chennai) in 1914. L 9 This industry requires awmaterials like limestone, silica and gypsum. 3 Only 2 (D) Neiher 1 nor2 Both I and 2",27,Geography Optional_71st BPSC Mains.pdf,BPSC-SUB-09,Geography (Optional Specialization),0.99,two_pass_taxonomy_v1,Question originates directly from BPSC Geography Optional examination paper.,False,,
BPSC-Q-000496,2026,71st BPSC Mains,Geography Optional,,73,,English,Which of the following is'are important centre for Silk Textile in India? Bararnulla 2 Bankura Bikaner (A) Onty LB land 2 (C) 2 and3 (D) Only3 52/GA/CCM-2026-13-A 28,27,Geography Optional_71st BPSC Mains.pdf,BPSC-SUB-09,Geography (Optional Specialization),0.99,two_pass_taxonomy_v1,Question originates directly from BPSC Geography Optional examination paper.,False,,
BPSC-Q-000497,2026,71st BPSC Mains,Geography Optional,,74,,English,How many of the four pairs given below are correctly matched? (Industrial Centre) Ballabhgarh Bhandup Bharuch Birlanagar (B) (Industrial Region) A) One pair is correctly matched -Gurugram-Delhi-Meerut Reason (R): - Mumbai-Pune -Ahmedabad-Vadodara Two pairs are correctly matched (C) Three pairs are correctly matched D Four pairs are correctly matched Codes: -Hugli,27,Geography Optional_71st BPSC Mains.pdf,BPSC-SUB-09,Geography (Optional Specialization),0.99,two_pass_taxonomy_v1,Question originates directly from BPSC Geography Optional examination paper.,False,,
BPSC-Q-000498,2026,71st BPSC Mains,Geography Optional,,75,,English,"Given below are two statements, one is labelled as Assertion (A) and the other as Reason (R): Assertion (A): Geographically, Jamshedpur is the most conveniently situated iron and steel centre in the country. (C) Select the correct answer using the codes given below: Itis located near the Bengal Nagpur Railway line and close to Kolkata and has iron ore, coal and manganese deposits available nearby. ,(A) Both (A) and (R) are true and (R) is the correct explanation of (A) (B) Both (A) and (R) are true but (R) is not the correct explanation of (A) GA-113 (A)is true but (R) is false (D) (A) is false but (R) is true Which of the following National Highways passes through the Zoji La pass? National Highway No. 1 (B) National Highway No. 11 AE National Highway No. 11l (D) National Highway No. 111-A",27,Geography Optional_71st BPSC Mains.pdf,BPSC-SUB-09,Geography (Optional Specialization),0.99,two_pass_taxonomy_v1,Question originates directly from BPSC Geography Optional examination paper.,False,,
BPSC-Q-000499,2026,71st BPSC Mains,Geography Optional,,72,,English,(A) 1914 (B) 1924 (C) 1957 (D) 1967,28,Geography Optional_71st BPSC Mains.pdf,BPSC-SUB-09,Geography (Optional Specialization),0.99,two_pass_taxonomy_v1,Question originates directly from BPSC Geography Optional examination paper.,False,,
BPSC-Q-000500,2026,71st BPSC Mains,Geography Optional,,1,,Unknown,,28,Geography Optional_71st BPSC Mains.pdf,BPSC-SUB-09,Geography (Optional Specialization),0.99,two_pass_taxonomy_v1,Question originates directly from BPSC Geography Optional examination paper.,False,,
BPSC-Q-000501,2026,71st BPSC Mains,Geography Optional,,2,,English,(A) M1 (B) (C) 13t 2 ai (D) aa 1 aa2,28,Geography Optional_71st BPSC Mains.pdf,BPSC-SUB-09,Geography (Optional Specialization),0.99,two_pass_taxonomy_v1,Question originates directly from BPSC Geography Optional examination paper.,False,,
BPSC-Q-000502,2026,71st BPSC Mains,Geography Optional,,1,,Unknown,,28,Geography Optional_71st BPSC Mains.pdf,BPSC-SUB-09,Geography (Optional Specialization),0.99,two_pass_taxonomy_v1,Question originates directly from BPSC Geography Optional examination paper.,False,,
BPSC-Q-000503,2026,71st BPSC Mains,Geography Optional,,2,,Unknown,,28,Geography Optional_71st BPSC Mains.pdf,BPSC-SUB-09,Geography (Optional Specialization),0.99,two_pass_taxonomy_v1,Question originates directly from BPSC Geography Optional examination paper.,False,,
BPSC-Q-000504,2026,71st BPSC Mains,Geography Optional,,3,,English,"aigal (A) har 1 (B) 1 sr 2 (C) 2 sÂn 3 (D) aa 3 52/GA/CCM-2026-13-A 29 (atifras ) (A) (B) g4 Hân gufem (C) (D) ARUT (R): (A) (A) 3tr (R) -i AŽ t (R), (A) A (B) (A) sir (R) -i a fhg (R), (A) (C) (3rurfr a) (A)H, ferg (R) TT?I (D) (A)TA, fard (R) HrUI (C) uu TTATİ FGA I11 GA-113 [P.T.O.",28,Geography Optional_71st BPSC Mains.pdf,BPSC-SUB-09,Geography (Optional Specialization),0.99,two_pass_taxonomy_v1,Question originates directly from BPSC Geography Optional examination paper.,False,,
BPSC-Q-000505,2026,71st BPSC Mains,Geography Optional,,77,,English,Which of the following statements witn reference to 'Sonamarg Tunnel project' isare correct?,29,Geography Optional_71st BPSC Mains.pdf,BPSC-SUB-09,Geography (Optional Specialization),0.99,two_pass_taxonomy_v1,Question originates directly from BPSC Geography Optional examination paper.,False,,
BPSC-Q-000506,2026,71st BPSC Mains,Geography Optional,,78,,Unknown,,29,Geography Optional_71st BPSC Mains.pdf,BPSC-SUB-09,Geography (Optional Specialization),0.99,two_pass_taxonomy_v1,Question originates directly from BPSC Geography Optional examination paper.,False,,
BPSC-Q-000507,2026,71st BPSC Mains,Geography Optional,,79,,English,1 (B) (A) Only 1 Le It comprises the Sonamarg main tunnel of6.4 km,29,Geography Optional_71st BPSC Mains.pdf,BPSC-SUB-09,Geography (Optional Specialization),0.99,two_pass_taxonomy_v1,Question originates directly from BPSC Geography Optional examination paper.,False,,
BPSC-Q-000508,2026,71st BPSC Mains,Geography Optional,,1,,English,"It was inaugurated on 26h January, 2025",29,Geography Optional_71st BPSC Mains.pdf,BPSC-SUB-09,Geography (Optional Specialization),0.99,two_pass_taxonomy_v1,Question originates directly from BPSC Geography Optional examination paper.,False,,
BPSC-Q-000509,2026,71st BPSC Mains,Geography Optional,,2,,English,(D) Neitheř 1 nor 2 Only 2 Which of the following is/are nota Division ofEast Central Railways? Both l and2 (D) Asansol Malda,29,Geography Optional_71st BPSC Mains.pdf,BPSC-SUB-09,Geography (Optional Specialization),0.99,two_pass_taxonomy_v1,Question originates directly from BPSC Geography Optional examination paper.,False,,
BPSC-Q-000510,2026,71st BPSC Mains,Geography Optional,,3,,English,Dhanbad ets Only 1 (B) 1 and 2 (C) 2 and 3 Only 3 How may of the four pairs given below are correctly matched? (Multimodal Logistics Parks) (State) Dabbaspete Jogighopa Mappedu Pithampur Karnataka Jharkhand Maharashtra 52/GA/CCIM-2026-13-A Madhya Pradesh (A) One pair is correctly matched B) Two pairs are correctly matched (C) Three pairs are correctly matched (D) Four pairs are correctly matched 30,29,Geography Optional_71st BPSC Mains.pdf,BPSC-SUB-09,Geography (Optional Specialization),0.99,two_pass_taxonomy_v1,Question originates directly from BPSC Geography Optional examination paper.,False,,
BPSC-Q-000511,2026,71st BPSC Mains,Geography Optional,,80,,English,"Given below are two statements, one is Jabelled as Assertion (A) and the other as Reason (R): Assertion (A): The Sagarmala Programme Reason (R): Select the correct answer using the codes given below: Codes: , (A Both (A) and (R) are true and (R) is the correct explanation of (A) (B) Both (A) and (R) are true but (R) is not the correct explanation of (A) (A)is true but (R) is false (D) (A) is false but (R) is true (C) Which ofthe following Census Year recorded he highest Decennial Growth in Urban Population in ndha? (A) 197T (B) 1981 (C) 2001 D) 2011",29,Geography Optional_71st BPSC Mains.pdf,BPSC-SUB-09,Geography (Optional Specialization),0.99,two_pass_taxonomy_v1,Question originates directly from BPSC Geography Optional examination paper.,False,,
BPSC-Q-000512,2026,71st BPSC Mains,Geography Optional,,82,,English,Which of the following statements with reference to Clustered settlements in India is/are correct?,29,Geography Optional_71st BPSC Mains.pdf,BPSC-SUB-09,Geography (Optional Specialization),0.99,two_pass_taxonomy_v1,Question originates directly from BPSC Geography Optional examination paper.,False,,
BPSC-Q-000513,2026,71st BPSC Mains,Geography Optional,,1,,Unknown,,29,Geography Optional_71st BPSC Mains.pdf,BPSC-SUB-09,Geography (Optional Specialization),0.99,two_pass_taxonomy_v1,Question originates directly from BPSC Geography Optional examination paper.,False,,
BPSC-Q-000514,2026,71st BPSC Mains,Geography Optional,,2,,English,"t) plays a crucial role in India's long-term maritime development strategy under the Maritime Amrit Kaal Vision 2047 (MAKV). MAKV 2047 sets ambitious targets such as handling 10 billion metric tons of cargo annually, with the aim of placing India among the top five shipbuilding nations by",29,Geography Optional_71st BPSC Mains.pdf,BPSC-SUB-09,Geography (Optional Specialization),0.99,two_pass_taxonomy_v1,Question originates directly from BPSC Geography Optional examination paper.,False,,
BPSC-Q-000515,2026,71st BPSC Mains,Geography Optional,,2047,,English,(B) (C) Generally found in fertile alluvial plains. They are also found in areas where security or defence is a priority for example in Nagaland.o Only 1 Only 2 Both I and 2 (D) Neither l nor 2 GA-113,29,Geography Optional_71st BPSC Mains.pdf,BPSC-SUB-09,Geography (Optional Specialization),0.99,two_pass_taxonomy_v1,Question originates directly from BPSC Geography Optional examination paper.,False,,
BPSC-Q-000516,2026,71st BPSC Mains,Geography Optional,,79,,Unknown,,30,Geography Optional_71st BPSC Mains.pdf,BPSC-SUB-09,Geography (Optional Specialization),0.99,two_pass_taxonomy_v1,Question originates directly from BPSC Geography Optional examination paper.,False,,
BPSC-Q-000517,2026,71st BPSC Mains,Geography Optional,,2,,English,(A) haMl (B) a2 (©) (D) 1,30,Geography Optional_71st BPSC Mains.pdf,BPSC-SUB-09,Geography (Optional Specialization),0.99,two_pass_taxonomy_v1,Question originates directly from BPSC Geography Optional examination paper.,False,,
BPSC-Q-000518,2026,71st BPSC Mains,Geography Optional,,2,,Unknown,,30,Geography Optional_71st BPSC Mains.pdf,BPSC-SUB-09,Geography (Optional Specialization),0.99,two_pass_taxonomy_v1,Question originates directly from BPSC Geography Optional examination paper.,False,,
BPSC-Q-000519,2026,71st BPSC Mains,Geography Optional,,3,,English,(B) 1 t 2 t (A) ar 1 al aa2 (D) 1 3Ầr 2 (C) 2 r 3 M3 (ueáuts AA qá) () (B) ya Hất gafea 52/GA/CCIM-2026-13-A 31,30,Geography Optional_71st BPSC Mains.pdf,BPSC-SUB-09,Geography (Optional Specialization),0.99,two_pass_taxonomy_v1,Question originates directly from BPSC Geography Optional examination paper.,False,,
BPSC-Q-000520,2026,71st BPSC Mains,Geography Optional,,80,,Unknown,,30,Geography Optional_71st BPSC Mains.pdf,BPSC-SUB-09,Geography (Optional Specialization),0.99,two_pass_taxonomy_v1,Question originates directly from BPSC Geography Optional examination paper.,False,,
BPSC-Q-000521,2026,71st BPSC Mains,Geography Optional,,82,,English,hUT (R): (A) (B) (C) (A) 1971,30,Geography Optional_71st BPSC Mains.pdf,BPSC-SUB-09,Geography (Optional Specialization),0.99,two_pass_taxonomy_v1,Question originates directly from BPSC Geography Optional examination paper.,False,,
BPSC-Q-000522,2026,71st BPSC Mains,Geography Optional,,1,,English,"(A) tr (R4i uru tt (R), (A) âi (D) (A) erd tag (R) HTI (B) 1981 2 (A) 3tu (R)Ä Hai fàrg (R), (A) Á1 (C) 2001 (D) 2011 (A) , frg (R) TeTTI (C) HHdİ 3yA ATa faH 2047 (A) haM I urai 2047 Ä sfa ari 10 34a (B) hdm 2 1 sr 2 a-i GA-113 (D) aa la21 [P.T.O.",30,Geography Optional_71st BPSC Mains.pdf,BPSC-SUB-09,Geography (Optional Specialization),0.99,two_pass_taxonomy_v1,Question originates directly from BPSC Geography Optional examination paper.,False,,
BPSC-Q-000523,2026,71st BPSC Mains,Geography Optional,,83,,English,Which of the following isare not a Medieval Town in India?,31,Geography Optional_71st BPSC Mains.pdf,BPSC-SUB-09,Geography (Optional Specialization),0.99,two_pass_taxonomy_v1,Question originates directly from BPSC Geography Optional examination paper.,False,,
BPSC-Q-000524,2026,71st BPSC Mains,Geography Optional,,85,,English,1 Madura),31,Geography Optional_71st BPSC Mains.pdf,BPSC-SUB-09,Geography (Optional Specialization),0.99,two_pass_taxonomy_v1,Question originates directly from BPSC Geography Optional examination paper.,False,,
BPSC-Q-000525,2026,71st BPSC Mains,Geography Optional,,2,,English,3 At Only 1 (C) Lucknow (B) 1and 2 (D) Jaipur 2 and 3,31,Geography Optional_71st BPSC Mains.pdf,BPSC-SUB-09,Geography (Optional Specialization),0.99,two_pass_taxonomy_v1,Question originates directly from BPSC Geography Optional examination paper.,False,,
BPSC-Q-000526,2026,71st BPSC Mains,Geography Optional,,84,,English,"How many of the four pairs given below are Only 3 correctly matched? (Major Function ofCity) Commercial Town Garrison Town Mining Town Codes: (Major Example in India) - Saharanpur -Mhow Religious and Cultural - Puri (A) One pair is correctly matched (B) Two pairs are correctly matched (C) Three pairs arecorrectly matched D) Four pairs are correctly matched Jharia Given below are two státements, one is labelled as Assertion (A)Tand the other as Reason (R): Assertion (A): Smart Cities aim to improve quality oflife through better infrastructure. Reason (R): Smart solutions increase resource use and service costs. Select the correct answer using the codes given below. 52/GA/CCM-2026-13-A (A) Both (A) and (R) are true and (R) is the correct explanation of (A) (B) Both (A) and (R) are true but (R) is not the correct explanation of (A) er (A) is true but (RYİs false. (D) (A) is false but (R) is true. 32",31,Geography Optional_71st BPSC Mains.pdf,BPSC-SUB-09,Geography (Optional Specialization),0.99,two_pass_taxonomy_v1,Question originates directly from BPSC Geography Optional examination paper.,False,,
BPSC-Q-000527,2026,71st BPSC Mains,Geography Optional,,86,,Unknown,,31,Geography Optional_71st BPSC Mains.pdf,BPSC-SUB-09,Geography (Optional Specialization),0.99,two_pass_taxonomy_v1,Question originates directly from BPSC Geography Optional examination paper.,False,,
BPSC-Q-000528,2026,71st BPSC Mains,Geography Optional,,87,,Unknown,,31,Geography Optional_71st BPSC Mains.pdf,BPSC-SUB-09,Geography (Optional Specialization),0.99,two_pass_taxonomy_v1,Question originates directly from BPSC Geography Optional examination paper.,False,,
BPSC-Q-000529,2026,71st BPSC Mains,Geography Optional,,88,,Unknown,,31,Geography Optional_71st BPSC Mains.pdf,BPSC-SUB-09,Geography (Optional Specialization),0.99,two_pass_taxonomy_v1,Question originates directly from BPSC Geography Optional examination paper.,False,,
BPSC-Q-000530,2026,71st BPSC Mains,Geography Optional,,89,,Unknown,,31,Geography Optional_71st BPSC Mains.pdf,BPSC-SUB-09,Geography (Optional Specialization),0.99,two_pass_taxonomy_v1,Question originates directly from BPSC Geography Optional examination paper.,False,,
BPSC-Q-000531,2026,71st BPSC Mains,Geography Optional,,99,,English,3 83-9R India has dispute over Sir Creek with which ofthe following countries? (A) Bangladesh (C) Myanmar (D),31,Geography Optional_71st BPSC Mains.pdf,BPSC-SUB-09,Geography (Optional Specialization),0.99,two_pass_taxonomy_v1,Question originates directly from BPSC Geography Optional examination paper.,False,,
BPSC-Q-000532,2026,71st BPSC Mains,Geography Optional,,1,,English,Which of the following statements with reference to ʻDrought Prone Area Programme' in India is/are correct?,31,Geography Optional_71st BPSC Mains.pdf,BPSC-SUB-09,Geography (Optional Specialization),0.99,two_pass_taxonomy_v1,Question originates directly from BPSC Geography Optional examination paper.,False,,
BPSC-Q-000533,2026,71st BPSC Mains,Geography Optional,,2,,English,B Pakistan (A) (B) (D),31,Geography Optional_71st BPSC Mains.pdf,BPSC-SUB-09,Geography (Optional Specialization),0.99,two_pass_taxonomy_v1,Question originates directly from BPSC Geography Optional examination paper.,False,,
BPSC-Q-000534,2026,71st BPSC Mains,Geography Optional,,1,,Unknown,,31,Geography Optional_71st BPSC Mains.pdf,BPSC-SUB-09,Geography (Optional Specialization),0.99,two_pass_taxonomy_v1,Question originates directly from BPSC Geography Optional examination paper.,False,,
BPSC-Q-000535,2026,71st BPSC Mains,Geography Optional,,2,,English,e),31,Geography Optional_71st BPSC Mains.pdf,BPSC-SUB-09,Geography (Optional Specialization),0.99,two_pass_taxonomy_v1,Question originates directly from BPSC Geography Optional examination paper.,False,,
BPSC-Q-000536,2026,71st BPSC Mains,Geography Optional,,3,,English,(B) (C) Which of the following district was/were not part of Hill Area Development Programme when it was started during the Fifth Five Year Plan in India? Ly SriLanka Thisprogramme was initiated during the Fourth Five Year Plan. Initially this programme laid emphasis on labour-intensive construction works. Onlyl Only2 (B) Both l and2 (A) Onlyl e Neither 1 nor 2 (D) Darjeeling Nilgiri (Junagarh land 2 How many of the four pairs given below are correctly matched? 2 and 3 (Five Year Plans in India) (Yearof Starting) First Five Year Plan Only 3 Fifth Five Year Plan Seventh Five Year Plan Eighth Five Year Plan (A) One pair is correctly matched Two pairs are correctly matched Three pairs are correctly matched Four pairs are correctly matched 1951 -1974 GA-113 - 1985 - 1991,31,Geography Optional_71st BPSC Mains.pdf,BPSC-SUB-09,Geography (Optional Specialization),0.99,two_pass_taxonomy_v1,Question originates directly from BPSC Geography Optional examination paper.,False,,
BPSC-Q-000537,2026,71st BPSC Mains,Geography Optional,,1,,Unknown,,32,Geography Optional_71st BPSC Mains.pdf,BPSC-SUB-09,Geography (Optional Specialization),0.99,two_pass_taxonomy_v1,Question originates directly from BPSC Geography Optional examination paper.,False,,
BPSC-Q-000538,2026,71st BPSC Mains,Geography Optional,,2,,English,"3 (A) haal (B) (C) 1 st 2 2 sâr 3 (D) ar3 aRUT (R): HERAY (A) (A) r (R) İ Ha stt (R), (A) A (B) (A) 3 (R) a-i Hi fahrg (R), (A) A (C) (A) Ha, feg (R) TTAQI (D) (A) TAd, farg (R) WUQI 52/GA/CCM-2026-13-A 33",32,Geography Optional_71st BPSC Mains.pdf,BPSC-SUB-09,Geography (Optional Specialization),0.99,two_pass_taxonomy_v1,Question originates directly from BPSC Geography Optional examination paper.,False,,
BPSC-Q-000539,2026,71st BPSC Mains,Geography Optional,,86,,Unknown,1,32,Geography Optional_71st BPSC Mains.pdf,BPSC-SUB-09,Geography (Optional Specialization),0.99,two_pass_taxonomy_v1,Question originates directly from BPSC Geography Optional examination paper.,False,,
BPSC-Q-000540,2026,71st BPSC Mains,Geography Optional,,87,,Unknown,,32,Geography Optional_71st BPSC Mains.pdf,BPSC-SUB-09,Geography (Optional Specialization),0.99,two_pass_taxonomy_v1,Question originates directly from BPSC Geography Optional examination paper.,False,,
BPSC-Q-000541,2026,71st BPSC Mains,Geography Optional,,89,,English,(A) airI (B) yfHAH (C) 4R (D) rAI 1,32,Geography Optional_71st BPSC Mains.pdf,BPSC-SUB-09,Geography (Optional Specialization),0.99,two_pass_taxonomy_v1,Question originates directly from BPSC Geography Optional examination paper.,False,,
BPSC-Q-000542,2026,71st BPSC Mains,Geography Optional,,2,,English,(A) aM1 (B) 2 (C) (D),32,Geography Optional_71st BPSC Mains.pdf,BPSC-SUB-09,Geography (Optional Specialization),0.99,two_pass_taxonomy_v1,Question originates directly from BPSC Geography Optional examination paper.,False,,
BPSC-Q-000543,2026,71st BPSC Mains,Geography Optional,,1,,Unknown,,32,Geography Optional_71st BPSC Mains.pdf,BPSC-SUB-09,Geography (Optional Specialization),0.99,two_pass_taxonomy_v1,Question originates directly from BPSC Geography Optional examination paper.,False,,
BPSC-Q-000544,2026,71st BPSC Mains,Geography Optional,,2,,Unknown,,32,Geography Optional_71st BPSC Mains.pdf,BPSC-SUB-09,Geography (Optional Specialization),0.99,two_pass_taxonomy_v1,Question originates directly from BPSC Geography Optional examination paper.,False,,
BPSC-Q-000545,2026,71st BPSC Mains,Geography Optional,,3,,English,(A) (B) (C) (D) 1 str2ai laa2 haAl 1 st 2 2 3n 3 GA-113 a3 (B) gH ytfera 1951 1974 1985 1991 [P.T.O.,32,Geography Optional_71st BPSC Mains.pdf,BPSC-SUB-09,Geography (Optional Specialization),0.99,two_pass_taxonomy_v1,Question originates directly from BPSC Geography Optional examination paper.,False,,
BPSC-Q-000546,2026,71st BPSC Mains,Geography Optional,,90,,English,"Given below are two statements, one is labelled as Assertion (A) and the other as Reason (R): Assertion(A): Resource-rich regions may rèmain economically backward. o Reason (R): Economic development ofan arèa depends not only on resources but also on good planning, technology and investment. Select the correčt answer using the codes given below: Codes: (A) Both (A) and (R) are true and (R) is the correct explanation of (A) (B) Both (A) and (R) are true but (R) is not the corect explanation of (A) (C) (A) is true but (R) is false Dy (A) isfalsebut (R) is true",33,Geography Optional_71st BPSC Mains.pdf,BPSC-SUB-09,Geography (Optional Specialization),0.99,two_pass_taxonomy_v1,Question originates directly from BPSC Geography Optional examination paper.,False,,
BPSC-Q-000547,2026,71st BPSC Mains,Geography Optional,,91,,English,Which of the folowing regions in Bihar experience Tropical Savanna type of climate? (A) North EastetnBihar LBy South Eastern Bihar (C) North Westem Bihar South Western Bihar,33,Geography Optional_71st BPSC Mains.pdf,BPSC-SUB-09,Geography (Optional Specialization),0.99,two_pass_taxonomy_v1,Question originates directly from BPSC Geography Optional examination paper.,False,,
BPSC-Q-000548,2026,71st BPSC Mains,Geography Optional,,92,,English,Which of the following statements with reference to ʻPőpülation of Bihar as per Census 2011' is/are correct?,33,Geography Optional_71st BPSC Mains.pdf,BPSC-SUB-09,Geography (Optional Specialization),0.99,two_pass_taxonomy_v1,Question originates directly from BPSC Geography Optional examination paper.,False,,
BPSC-Q-000549,2026,71st BPSC Mains,Geography Optional,,1,,English,More than 85% ofpopulation is rural. 2 More thap 5% of the population is tribal) as Only 1 (B) Only 2 Saar (C) Both 1 anđ2 (D) Neither 1 nor2 52/GA/CCM-2026-13-A 34,33,Geography Optional_71st BPSC Mains.pdf,BPSC-SUB-09,Geography (Optional Specialization),0.99,two_pass_taxonomy_v1,Question originates directly from BPSC Geography Optional examination paper.,False,,
BPSC-Q-000550,2026,71st BPSC Mains,Geography Optional,,93,,English,Which of the following districts in Bihar have more than 20% of their geographical area under forest as per India State of Forest Report 2023? 1,33,Geography Optional_71st BPSC Mains.pdf,BPSC-SUB-09,Geography (Optional Specialization),0.99,two_pass_taxonomy_v1,Question originates directly from BPSC Geography Optional examination paper.,False,,
BPSC-Q-000551,2026,71st BPSC Mains,Geography Optional,,2,,English,3 (A) (Munger Rohtased Kaimur Only 1 (C) 2 and 3. (D) Only 3,33,Geography Optional_71st BPSC Mains.pdf,BPSC-SUB-09,Geography (Optional Specialization),0.99,two_pass_taxonomy_v1,Question originates directly from BPSC Geography Optional examination paper.,False,,
BPSC-Q-000552,2026,71st BPSC Mains,Geography Optional,,94,,English,How many of the following four pairs of Districts in Bihar and their product as per One District and One Product (ODOP) are correctly matched? (District) (C) l and 2 Kaimur Katihar Khagaria Kishanganj (A) One pair is correctly matched B) Two pairs are correctly matched Three pairs are correctly matched (D) Four pairs are correctly matched Reason (R): Codes: (C) (Product as per ODOP) Carpet Jute,33,Geography Optional_71st BPSC Mains.pdf,BPSC-SUB-09,Geography (Optional Specialization),0.99,two_pass_taxonomy_v1,Question originates directly from BPSC Geography Optional examination paper.,False,,
BPSC-Q-000553,2026,71st BPSC Mains,Geography Optional,,95,,English,"Given below are two statements, one is labelled as Assertion (A) and the other as Reason (R): Assertion (A): Bamboo Lac Bangle Select the correct answer using the codes given below: Bihar receives significant ranfall during the post monsoOn season. Post-monsoon season in Bihar is influenced by depressions and cyclonic storns originating in the Bay ofBengal. , A) Both (A) and (R) are true and (R) is the correct explanation of (A) GA-113 (B) Both (A) and (R) are true but(R) is not the corect explanation of(A) (A) is true but (R) is false (D) (A) is false but (R) is true",33,Geography Optional_71st BPSC Mains.pdf,BPSC-SUB-09,Geography (Optional Specialization),0.99,two_pass_taxonomy_v1,Question originates directly from BPSC Geography Optional examination paper.,False,,
BPSC-Q-000554,2026,71st BPSC Mains,Geography Optional,,90,,English,"ARUT (R): (A) (A) 3t (R) i Hr t (R), (A) N (B) (A) 3Âr (R) -iİ Hậfeg (R), (A) (C) (A) ruî, farg (R) eAI (D) (A)TeA, fg (R) HaI (A) sRi fagt 1 (B) f yai fargr (C) (D) fUI qÍn fazR",34,Geography Optional_71st BPSC Mains.pdf,BPSC-SUB-09,Geography (Optional Specialization),0.99,two_pass_taxonomy_v1,Question originates directly from BPSC Geography Optional examination paper.,False,,
BPSC-Q-000555,2026,71st BPSC Mains,Geography Optional,,92,,English,faER A TUI 2011 34R GGI H,34,Geography Optional_71st BPSC Mains.pdf,BPSC-SUB-09,Geography (Optional Specialization),0.99,two_pass_taxonomy_v1,Question originates directly from BPSC Geography Optional examination paper.,False,,
BPSC-Q-000556,2026,71st BPSC Mains,Geography Optional,,2,,English,3 Íi fag (A) haI (B) haM2 (C) 1 sn 2 ai (D) laà2 52/GA/CCM-2026-13-A 35,34,Geography Optional_71st BPSC Mains.pdf,BPSC-SUB-09,Geography (Optional Specialization),0.99,two_pass_taxonomy_v1,Question originates directly from BPSC Geography Optional examination paper.,False,,
BPSC-Q-000557,2026,71st BPSC Mains,Geography Optional,,93,,English,"YTa aa frrfa fruré 2023 34441, fazR A 1",34,Geography Optional_71st BPSC Mains.pdf,BPSC-SUB-09,Geography (Optional Specialization),0.99,two_pass_taxonomy_v1,Question originates directly from BPSC Geography Optional examination paper.,False,,
BPSC-Q-000558,2026,71st BPSC Mains,Geography Optional,,2,,English,"3 (A) rAI (B) 1 t 2 (C) 2 3it3 (D) ha3 (fr) A): ARUT (R) : 00277 (A) (A) ữt (R) 2Ỉ Ha siR (R), (A) Â (B) (A) tt (R) at vg fag (R), (A) ÂT (C) (A) Ha, f (R) reTAQI (D) (A) A , fhg (R) HRU?I GA-113 [P.T.O.",34,Geography Optional_71st BPSC Mains.pdf,BPSC-SUB-09,Geography (Optional Specialization),0.99,two_pass_taxonomy_v1,Question originates directly from BPSC Geography Optional examination paper.,False,,
BPSC-Q-000559,2026,71st BPSC Mains,Geography Optional,,96,,English,Which of the following plains is situated between Burhi Gandak and Baghmati rivers in Bihar? (A) Bettiah Plains B Motihari Plains (C) Sitanmarhi Plains (D) Saràn Plains,35,Geography Optional_71st BPSC Mains.pdf,BPSC-SUB-09,Geography (Optional Specialization),0.99,two_pass_taxonomy_v1,Question originates directly from BPSC Geography Optional examination paper.,False,,
BPSC-Q-000560,2026,71st BPSC Mains,Geography Optional,,97,,English,Which of the following statements with referenče to Minerals reserves in Bihar is/are corect?,35,Geography Optional_71st BPSC Mains.pdf,BPSC-SUB-09,Geography (Optional Specialization),0.99,two_pass_taxonomy_v1,Question originates directly from BPSC Geography Optional examination paper.,False,,
BPSC-Q-000561,2026,71st BPSC Mains,Geography Optional,,1,,English,"2 (A) Bihar has the largest reserves ofPyrites in the country. Limestone is found in Kaimur, Monger and Rohtas districts. (B) Only2 Only l Both land 2 (D) Neither 1 nor 2",35,Geography Optional_71st BPSC Mains.pdf,BPSC-SUB-09,Geography (Optional Specialization),0.99,two_pass_taxonomy_v1,Question originates directly from BPSC Geography Optional examination paper.,False,,
BPSC-Q-000562,2026,71st BPSC Mains,Geography Optional,,2,,Unknown,,35,Geography Optional_71st BPSC Mains.pdf,BPSC-SUB-09,Geography (Optional Specialization),0.99,two_pass_taxonomy_v1,Question originates directly from BPSC Geography Optional examination paper.,False,,
BPSC-Q-000563,2026,71st BPSC Mains,Geography Optional,,98,,English,Which of the following isare iver of South Bihar?,35,Geography Optional_71st BPSC Mains.pdf,BPSC-SUB-09,Geography (Optional Specialization),0.99,two_pass_taxonomy_v1,Question originates directly from BPSC Geography Optional examination paper.,False,,
BPSC-Q-000564,2026,71st BPSC Mains,Geography Optional,,1,,English,Kosi Kamla,35,Geography Optional_71st BPSC Mains.pdf,BPSC-SUB-09,Geography (Optional Specialization),0.99,two_pass_taxonomy_v1,Question originates directly from BPSC Geography Optional examination paper.,False,,
BPSC-Q-000565,2026,71st BPSC Mains,Geography Optional,,3,36,English,Karamnasha (A) Only 1l o (B) l and 2 (C) 2 and 3 O Only 3 52/GA/CCM-2026-13-A 36,35,Geography Optional_71st BPSC Mains.pdf,BPSC-SUB-09,Geography (Optional Specialization),0.99,two_pass_taxonomy_v1,Question originates directly from BPSC Geography Optional examination paper.,False,,
BPSC-Q-000566,2026,71st BPSC Mains,Geography Optional,,99,,English,How many of the four pairs given below are correctly matched? (Protected Area) Bhimbandh Sanctuary (KanwanJheel Bird Sanctuary Nakti Dam Bird Sanctuary Udaipur Wildlife Sanctuary (A) (B) Reason (R): (District) Two pairs are correctly matched Three pairs are correctly matched (D) Four pairs are correctly matched Codes: Monger -Begusarai a - Jamui One pair is correctly matched,35,Geography Optional_71st BPSC Mains.pdf,BPSC-SUB-09,Geography (Optional Specialization),0.99,two_pass_taxonomy_v1,Question originates directly from BPSC Geography Optional examination paper.,False,,
BPSC-Q-000567,2026,71st BPSC Mains,Geography Optional,,100,,English,"Given below are two statements, one is labelled as Assertion (A) and the other as Reason (R): - East Champaran Assertion (A): Forests in Bihar are under (C) GA-113 severe threat due to both human pressure and natural hazards. degradation. Select the correct answer using the codes given below: Extreme poverty, overdependence on forest resources and climatic events like droughts in South Bihar and floods in North Bihar contribute to forest (A Both (A) and (R) are true and (R) is the correct explanation of (A) (B) Both (A) and (R) are true but (R) is not the correct explanation of(A) (A) is true but (R) is false (D) (A) is false but (R) is true",35,Geography Optional_71st BPSC Mains.pdf,BPSC-SUB-09,Geography (Optional Specialization),0.99,two_pass_taxonomy_v1,Question originates directly from BPSC Geography Optional examination paper.,False,,
BPSC-Q-000568,2026,71st BPSC Mains,Geography Optional,,1,,Unknown,,36,Geography Optional_71st BPSC Mains.pdf,BPSC-SUB-09,Geography (Optional Specialization),0.99,two_pass_taxonomy_v1,Question originates directly from BPSC Geography Optional examination paper.,False,,
BPSC-Q-000569,2026,71st BPSC Mains,Geography Optional,,2,,English,(A) haHl (B) a2 (C) 1 stt 2 i (D) la2,36,Geography Optional_71st BPSC Mains.pdf,BPSC-SUB-09,Geography (Optional Specialization),0.99,two_pass_taxonomy_v1,Question originates directly from BPSC Geography Optional examination paper.,False,,
BPSC-Q-000570,2026,71st BPSC Mains,Geography Optional,,1,,Unknown,,36,Geography Optional_71st BPSC Mains.pdf,BPSC-SUB-09,Geography (Optional Specialization),0.99,two_pass_taxonomy_v1,Question originates directly from BPSC Geography Optional examination paper.,False,,
BPSC-Q-000571,2026,71st BPSC Mains,Geography Optional,,2,,Unknown,,36,Geography Optional_71st BPSC Mains.pdf,BPSC-SUB-09,Geography (Optional Specialization),0.99,two_pass_taxonomy_v1,Question originates directly from BPSC Geography Optional examination paper.,False,,
BPSC-Q-000572,2026,71st BPSC Mains,Geography Optional,,3,,English,"(B) 1 3u 2 (C) 2 3n 3 (D) haa3 52/GA/CC/M-2026-13-A 37 hRUT (R) : (A) (fren) (A) 3ir (R) a-i He gtr (R), (A) (B) (A) str (R) a uật fàvg (R), (A) Æİ (C) (A)HU fahr (R) TeI (D) (A) a, fag (R) HRA ?I GA-113 [P.T.0.",36,Geography Optional_71st BPSC Mains.pdf,BPSC-SUB-09,Geography (Optional Specialization),0.99,two_pass_taxonomy_v1,Question originates directly from BPSC Geography Optional examination paper.,False,,
BPSC-Q-000573,2023,68th BPSC Prelims,GS Prelims,,1,,English,This Question Booklet contains 150 t' . 11 ques 10ns ma . 2. All questions carry equal marks.,2,68th bpsc pre.pdf,BPSC-SUB-01,"History, Art & Culture",0.78,two_pass_taxonomy_v1,Assigned default Subject domain based on general studies context; flagged for human review.,True,,
BPSC-Q-000574,2023,68th BPSC Prelims,GS Prelims,,3,,English,"Immediately after commencement of the examination you should check up your QuestionBooklet and ensure that the Question Booklet Series is' printed on the top right-hand cornerof the Booklet. Please check that the Booklet contains 48 printed pages including rn:0 pagesage Nos. the space provided on of your Answer Sheet If correct series of your Question Booklet, your Aaswer Sheet will not be evaluated correctly. Questions and their responses are printed in English and Hindi versions in this Booklet. Each question comprise s of five responses-{A), (B), (C), (D) and (E). You are to select ONLY ONE correct response and mark it in your Answer Sheet. Your total marks will depend on the number of correct responses marked by you i n the Answer Sheet.",2,68th bpsc pre.pdf,BPSC-SUB-01,"History, Art & Culture",0.78,two_pass_taxonomy_v1,Assigned default Subject domain based on general studies context; flagged for human review.,True,,
BPSC-Q-000575,2023,68th BPSC Prelims,GS Prelims,,9,,English,"In the Answer Sheet, there are five circles-{A), (B), (C), (D) and (E) against each question. To answer the questions you a�e to mark with Black/Blue ink ballpoint pc� ONLY ONE. c�rcle of your choice for each question. Select only <?ne response for e�ch question and mark 1t m your Answer Sheet. If you mark more than one circle for one question, the answer will be treated as wrong. Use Black/Blue ink ballpoint pen only to �ark the answer in the Answer Sheet. Any erasure or change is not allowed.",2,68th bpsc pre.pdf,BPSC-SUB-01,"History, Art & Culture",0.78,two_pass_taxonomy_v1,Assigned default Subject domain based on general studies context; flagged for human review.,True,,
BPSC-Q-000576,2023,68th BPSC Prelims,GS Prelims,,10,,English,"For each question for which a wrong �nsw d er/m th ore than �me a_n 11 swer has been given by the candidates, one-fourth of the marks ass1gne to· at question w1 be deducted as penalty. 11 You should not remove or tear off any sheet from the Question Booklet. You are not allowed to• take this Question Booklet a nd the Answer Sheet out of the Examination Hall during the examination. After the examination bas c�ncluded, you muSt hand 0"".er yowr Answer Sheet to the Invigilator. Thereafter, you are permi�ed to t�ke aw_ay the Question Booklet with you.",2,68th bpsc pre.pdf,BPSC-SUB-01,"History, Art & Culture",0.78,two_pass_taxonomy_v1,Assigned default Subject domain based on general studies context; flagged for human review.,True,,
BPSC-Q-000577,2023,68th BPSC Prelims,GS Prelims,,12,,English,"Failure to comply with any of the �hove mSl_ruc�ions :V111 render you liable to such action or penalty as the Commission may decide at their discretion. BPSC 68th Prelims Question Paper PDF - SET B •• (Ptom or repeated 46 Booklet an. d If 47)· for Rough Work ect and in 00 this page Booklet, or get question it is replaced missing or immediately unprmted by or acomplete of the you same find any series def ..",2,68th bpsc pre.pdf,BPSC-SUB-01,"History, Art & Culture",0.78,two_pass_taxonomy_v1,Assigned default Subject domain based on general studies context; flagged for human review.,True,,
BPSC-Q-000578,2023,68th BPSC Prelims,GS Prelims,,4,,English,If vers10n th7re is any s_ort of !l)i t of English and Hindi,2,68th bpsc pre.pdf,BPSC-SUB-01,"History, Art & Culture",0.78,two_pass_taxonomy_v1,Assigned default Subject domain based on general studies context; flagged for human review.,True,,
BPSC-Q-000579,2023,68th BPSC Prelims,GS Prelims,,5,,Unknown,,2,68th bpsc pre.pdf,BPSC-SUB-01,"History, Art & Culture",0.78,two_pass_taxonomy_v1,Assigned default Subject domain based on general studies context; flagged for human review.,True,,
BPSC-Q-000580,2023,68th BPSC Prelims,GS Prelims,,6,,English,"s of the questions s , take the either Englis of h vers printing ion or will of be factual treated nature, as standa then ou rd. You anything �ust else write on your the Que Roll stion Number Boo in klet. the space provided on the top of this page. Do not write An must Ans wnte �er your Sheet will Name, be s Roll upplied Num to you separately by the Invigilator to ot mark the particulars answers. in You the space provided on Page-2 of the ber, Answer Question Sheet Booklet provided, Series failing and which her your Answer Sheet will· not be evaluated.",2,68th bpsc pre.pdf,BPSC-SUB-01,"History, Art & Culture",0.78,two_pass_taxonomy_v1,Assigned default Subject domain based on general studies context; flagged for human review.,True,,
BPSC-Q-000581,2023,68th BPSC Prelims,GS Prelims,,7,,English,"You should encode your Roll Number and the Question Booklet Series A, B, C or D as it is printed on the top right-ha Page-2 nd comer of the Question Booklet you do with not Black/ encode Blue or ink fail to ballpoint encode pen the in",2,68th bpsc pre.pdf,BPSC-SUB-01,"History, Art & Culture",0.78,two_pass_taxonomy_v1,Assigned default Subject domain based on general studies context; flagged for human review.,True,,
BPSC-Q-000582,2023,68th BPSC Prelims,GS Prelims,,8,,Unknown,,2,68th bpsc pre.pdf,BPSC-SUB-01,"History, Art & Culture",0.78,two_pass_taxonomy_v1,Assigned default Subject domain based on general studies context; flagged for human review.,True,,
BPSC-Q-000583,2023,68th BPSC Prelims,GS Prelims,,1,,English,"�t��,��� i�����t�t ���� (A)� (B) � (C) cfilflEt�",4,68th bpsc pre.pdf,BPSC-SUB-01,"History, Art & Culture",0.78,two_pass_taxonomy_v1,Assigned default Subject domain based on general studies context; flagged for human review.,True,,
BPSC-Q-000584,2023,68th BPSC Prelims,GS Prelims,,6,,English,"20 ""Bo lfto � ctt � � � � � � 1R � � � 51@�l-4 � � � � � ll ""ch@ ""{11 � � � � � t1 � 51 Rt �l-4 � ""ITT11T? (D) ·-q���� (E) •-q��·�",4,68th bpsc pre.pdf,BPSC-SUB-01,"History, Art & Culture",0.78,two_pass_taxonomy_v1,Assigned default Subject domain based on general studies context; flagged for human review.,True,,
BPSC-Q-000585,2023,68th BPSC Prelims,GS Prelims,,2,,English,": � � 'ktt<lf'l;<,-� 'Tii:R, (A) � 3lR cf,qq; (A) cfill��1%� (B) ""cfi@l��1%� (C) qi""@)����",4,68th bpsc pre.pdf,BPSC-SUB-01,"History, Art & Culture",0.78,two_pass_taxonomy_v1,Assigned default Subject domain based on general studies context; flagged for human review.,True,,
BPSC-Q-000586,2023,68th BPSC Prelims,GS Prelims,,D,,English,"ll""B�""B �",4,68th bpsc pre.pdf,BPSC-SUB-01,"History, Art & Culture",0.78,two_pass_taxonomy_v1,Assigned default Subject domain based on general studies context; flagged for human review.,True,,
BPSC-Q-000587,2023,68th BPSC Prelims,GS Prelims,,E,,English,"lf""B�� (B) � � ��{{41 (C) � 3lR � (D) •-q����",4,68th bpsc pre.pdf,BPSC-SUB-01,"History, Art & Culture",0.78,two_pass_taxonomy_v1,Assigned default Subject domain based on general studies context; flagged for human review.,True,,
BPSC-Q-000588,2023,68th BPSC Prelims,GS Prelims,,7,,English,"��""ffta:urcn�IDURmfuf cf?t�t? (A)��� � \ 3. � o_-1'1ftbcil'Jf c€l � ��cm ""B 3lWl � � . (A) 31tT:�����1R , (B) 31tT=� � m� � ""cfi1lJT 1R (B) ��� (C) � � at,,�b!f",4,68th bpsc pre.pdf,BPSC-SUB-01,"History, Art & Culture",0.78,two_pass_taxonomy_v1,Assigned default Subject domain based on general studies context; flagged for human review.,True,,
BPSC-Q-000589,2023,68th BPSC Prelims,GS Prelims,,D,,English,-ij��-e·�,4,68th bpsc pre.pdf,BPSC-SUB-01,"History, Art & Culture",0.78,two_pass_taxonomy_v1,Assigned default Subject domain based on general studies context; flagged for human review.,True,,
BPSC-Q-000590,2023,68th BPSC Prelims,GS Prelims,,E,,English,"ll""B�� (C) 3ltl:� � � t WW1ie1< (D) • ii -ii 1l;'n ""i! � · s. f.l1-1f<?tfurn i\ -ii 'li'r-1-m ,li\iH#t�q; �",4,68th bpsc pre.pdf,BPSC-SUB-01,"History, Art & Culture",0.78,two_pass_taxonomy_v1,Assigned default Subject domain based on general studies context; flagged for human review.,True,,
BPSC-Q-000591,2023,68th BPSC Prelims,GS Prelims,,E,,English,"-ii""B""�� . � ��514'pn.����i?",4,68th bpsc pre.pdf,BPSC-SUB-01,"History, Art & Culture",0.78,two_pass_taxonomy_v1,Assigned default Subject domain based on general studies context; flagged for human review.,True,,
BPSC-Q-000592,2023,68th BPSC Prelims,GS Prelims,,4,,English,"mR efn '5ITTRT� � -e � � li��lfl (A) iitit-� - cfil�lcfil '5fcf>R i � (B) 'ill�,-�� (A) 3ffio �o ""Bto (B) � · (C) �-3ffi�cfi (C) ffiJ-Cfil=Bl�l (D) � it ""B ""Q_cfi � � (D) • it�� ""B � (E) • it ""B"" � �",4,68th bpsc pre.pdf,BPSC-SUB-01,"History, Art & Culture",0.78,two_pass_taxonomy_v1,Assigned default Subject domain based on general studies context; flagged for human review.,True,,
BPSC-Q-000593,2023,68th BPSC Prelims,GS Prelims,,E,,English,"-ij ""B' ��. . 9. �� q;y5. � wfu cfiT ,m=tci�,41 ��it f.t�R-tf?sta lt�� it ""B � � � � -cfi) Pt�R-if©a �-m cfi2H TR'@ i? ,��� -qf{qraa � t � � 7mm t? (A) lii�q�14f�mct>1 qQTT���I (A)�� (B) Bi�9�14i � ll � cfi«ft t I (B) cfitfuT (Wt) (C) � � Bi�9�14i m-il, msa � mil m � t I (D) •it-a�-a � (E) • it ""B' � � 3 (C) w:ff� (D) • it� ""Q_cfi � � (E) ·-ij�""tfili� [ Contd (E)•-q��� �i�cffl�i",4,68th bpsc pre.pdf,BPSC-SUB-01,"History, Art & Culture",0.78,two_pass_taxonomy_v1,Assigned default Subject domain based on general studies context; flagged for human review.,True,,
BPSC-Q-000594,2023,68th BPSC Prelims,GS Prelims,,10,,English,A goalkeeper in a game of football pulls his hands backwards after holding the ball shot at the goal. This enables the goalkeeper to jl() decrease the rate of change of momentum (B) exert large force on the ball (C) increase the force exerted by the ball (A) Cathode ray (B) Beta ray y> Alpha ray !!moo (D) More than one of the above (E) None of the above,5,68th bpsc pre.pdf,BPSC-SUB-01,"History, Art & Culture",0.78,two_pass_taxonomy_v1,Assigned default Subject domain based on general studies context; flagged for human review.,True,,
BPSC-Q-000595,2023,68th BPSC Prelims,GS Prelims,,12,,English,Centripetal force is responsible to (A) independent motion of the object in space v (B) keep the body moving along the circular path✓ (C) fly the object along a straight line A More than one of the above (E) None of the above 02/FH/CC/PT-2023/144-B 4,5,68th bpsc pre.pdf,BPSC-SUB-01,"History, Art & Culture",0.78,two_pass_taxonomy_v1,Assigned default Subject domain based on general studies context; flagged for human review.,True,,
BPSC-Q-000596,2023,68th BPSC Prelims,GS Prelims,,13,,English,"Which of the following energy changes involves frictional force? J,I'{) Kinetic energy to heat energy (B) Potential energy to sound energy (C) Chemical energy to heat energy (D) More than one of the above (E) None of the above",5,68th bpsc pre.pdf,BPSC-SUB-01,"History, Art & Culture",0.78,two_pass_taxonomy_v1,Assigned default Subject domain based on general studies context; flagged for human review.,True,,
BPSC-Q-000597,2023,68th BPSC Prelims,GS Prelims,,14,,English,A bus is moving along a straight path and takes a sharp tum to the right side suddenly. The passengers sitting in the bus will (A) bent towards right side (B) fall in the forward direction -.JC) bent towards left side (D) More than one of the above (E) None of the above,5,68th bpsc pre.pdf,BPSC-SUB-01,"History, Art & Culture",0.78,two_pass_taxonomy_v1,Assigned default Subject domain based on general studies context; flagged for human review.,True,,
BPSC-Q-000598,2023,68th BPSC Prelims,GS Prelims,,15,,English,"Before playing the orchestra in a musical concert, a sitarist tries to adjust the tension and pluck the string suitably. By doing so, he/she is adjusting JA) frequency of the sitar string with the frequency of other musical instruments (B) amplitude of sound (C) intensity of sound (D) More than one of the above (E) None of the above [ Contd on hands (D) More than one of the above (E) None of the above charged particle emitted by a radiactive",5,68th bpsc pre.pdf,BPSC-SUB-02,Polity & Governance,0.95,two_pass_taxonomy_v1,"Question addresses Constitutional provisions, Judicial principles, or Governance structures.",False,,
BPSC-Q-000599,2023,68th BPSC Prelims,GS Prelims,,11,,English,Which among the following is a positively element?,5,68th bpsc pre.pdf,BPSC-SUB-01,"History, Art & Culture",0.78,two_pass_taxonomy_v1,Assigned default Subject domain based on general studies context; flagged for human review.,True,,
BPSC-Q-000600,2023,68th BPSC Prelims,GS Prelims,,31,7,English,"� 'DIARY' � 31� � � � � Wfiij t, � � 3l� ""ID en ':{1 �7 � 34. M c[c! 'TT'fl it� FASTER cfil 2229212319 � � 3ITT MONK cfi1 15161412 � t, o1 GUIDE cfil � 'TT'fl it��?(A) 24 (B) 5 (C) 10 (D) �if���� (E) �if��� (A) 66 (B) 56 (C) 77 44 52 58 49 37 ? 41 35 53 (D) �-ij���� (E) �it���",12,68th bpsc pre.pdf,BPSC-SUB-01,"History, Art & Culture",0.78,two_pass_taxonomy_v1,Assigned default Subject domain based on general studies context; flagged for human review.,True,,
BPSC-Q-000601,2023,68th BPSC Prelims,GS Prelims,,33,6,English,"�ll{�it��<fil���Wt ���: (A) 428 (B) 322 (C) 368 15, 20, 32, 62, 118, 248, ? - (A) 192019423 (B) 212219523 (C) 222119522 (A) 10, 3 (B) 5, 6 (C) 2, 15 (A) r380 (B) r 400 (0) �it���� (E) �-ij��� (D) �-ij��� � (E) �-ij�cfiff� 02/FHJCC/PT-2023/144B 11 [ Contd.",12,68th bpsc pre.pdf,BPSC-SUB-01,"History, Art & Culture",0.78,two_pass_taxonomy_v1,Assigned default Subject domain based on general studies context; flagged for human review.,True,,
BPSC-Q-000602,2023,68th BPSC Prelims,GS Prelims,,37,,English,Arrange the following words in logical and meaningful order :,13,68th bpsc pre.pdf,BPSC-SUB-01,"History, Art & Culture",0.78,two_pass_taxonomy_v1,Assigned default Subject domain based on general studies context; flagged for human review.,True,,
BPSC-Q-000603,2023,68th BPSC Prelims,GS Prelims,,1,,English,Vice President,13,68th bpsc pre.pdf,BPSC-SUB-02,Polity & Governance,0.95,two_pass_taxonomy_v1,"Question addresses Constitutional provisions, Judicial principles, or Governance structures.",False,,
BPSC-Q-000604,2023,68th BPSC Prelims,GS Prelims,,2,,English,President,13,68th bpsc pre.pdf,BPSC-SUB-02,Polity & Governance,0.95,two_pass_taxonomy_v1,"Question addresses Constitutional provisions, Judicial principles, or Governance structures.",False,,
BPSC-Q-000605,2023,68th BPSC Prelims,GS Prelims,,3,,English,Speaker,13,68th bpsc pre.pdf,BPSC-SUB-01,"History, Art & Culture",0.78,two_pass_taxonomy_v1,Assigned default Subject domain based on general studies context; flagged for human review.,True,,
BPSC-Q-000606,2023,68th BPSC Prelims,GS Prelims,,4,,English,Prime Minister,13,68th bpsc pre.pdf,BPSC-SUB-01,"History, Art & Culture",0.78,two_pass_taxonomy_v1,Assigned default Subject domain based on general studies context; flagged for human review.,True,,
BPSC-Q-000607,2023,68th BPSC Prelims,GS Prelims,,5,,English,"Members of the Parliament (A) 5, 1, 2, 3, 4 (B) 4, 2, 1, 3, 5 � 2, 1, 4, 3, 5 (D) More than one of the above (E) None of the above",13,68th bpsc pre.pdf,BPSC-SUB-02,Polity & Governance,0.95,two_pass_taxonomy_v1,"Question addresses Constitutional provisions, Judicial principles, or Governance structures.",False,,
BPSC-Q-000608,2023,68th BPSC Prelims,GS Prelims,,38,12,English,Reshma donates one-fourth of her property to a charity organization and divides the remaining property equally among her three children. The part of property each child gets is (A) half ✓i one-fourth (C) two-thirds (D) More than one of the above (E) None of the above 02/FH/CC/PT-2023/144-B 12,13,68th bpsc pre.pdf,BPSC-SUB-01,"History, Art & Culture",0.78,two_pass_taxonomy_v1,Assigned default Subject domain based on general studies context; flagged for human review.,True,,
BPSC-Q-000609,2023,68th BPSC Prelims,GS Prelims,,39,,English,Which of the following statements is false? � Every square is a rhombus. � Every square is a rectangle. • \ (C) Every rhombus is a parallelogram. than one of the above (E) None of the above,13,68th bpsc pre.pdf,BPSC-SUB-01,"History, Art & Culture",0.78,two_pass_taxonomy_v1,Assigned default Subject domain based on general studies context; flagged for human review.,True,,
BPSC-Q-000610,2023,68th BPSC Prelims,GS Prelims,,40,,English,"In a family of some persons, B says that R is the daughter of my sister A, who is the only daughter of T. Xis the child of T and Z, who is the grandmother of H. K is the mother of M, who is the only sister of H. X is unmarried. If S is the spouse of A, how is K related to S? (B) Sister-in-law (C) Wife of brother-in-law (D) More than one of the above (E) None of the above [ Contd",13,68th bpsc pre.pdf,BPSC-SUB-01,"History, Art & Culture",0.78,two_pass_taxonomy_v1,Assigned default Subject domain based on general studies context; flagged for human review.,True,,
BPSC-Q-000611,2023,68th BPSC Prelims,GS Prelims,,4,,Unknown,�,14,68th bpsc pre.pdf,BPSC-SUB-01,"History, Art & Culture",0.78,two_pass_taxonomy_v1,Assigned default Subject domain based on general studies context; flagged for human review.,True,,
BPSC-Q-000612,2023,68th BPSC Prelims,GS Prelims,,5,,English,"llmG (A) 5, 1, 2, 3, 4 (B) 4, 2, 1, 3, 5 (C) 2, l, 4, 3, 5 (D) � i\ � � � 3lm (E) �i\""Qm�",14,68th bpsc pre.pdf,BPSC-SUB-01,"History, Art & Culture",0.78,two_pass_taxonomy_v1,Assigned default Subject domain based on general studies context; flagged for human review.,True,,
BPSC-Q-000613,2023,68th BPSC Prelims,GS Prelims,,38,,English,"win 3N-ft � cfiT �-�mf ""1% �e.i W'1o-f <f,1 � t � � � � cb1 311R ""flR � -q emeR amcft ti�� cpl�� ffl ""<liPWT t (A) 3l1tn",14,68th bpsc pre.pdf,BPSC-SUB-01,"History, Art & Culture",0.78,two_pass_taxonomy_v1,Assigned default Subject domain based on general studies context; flagged for human review.,True,,
BPSC-Q-000614,2023,68th BPSC Prelims,GS Prelims,,40,,English,"� � � 1% ""9'ftcm i\ B � t � R '¾ � A <fi1 � t, � T <fi1 �cf>��dl � �I X, T 31tt Z cfil t-rnR t, � H � Glcft/-;n:ft t I K, M cfi1 l{f t, \ifl H � �cfi�1e11 � t1 X ��cll�o t I � S, A � ,:if\c1.:m1� t, 'd1 K cfiT s��""5rcf>Rcfil��t? (B) 'Q;cfi-�� ( C ) Gl-� ( C ) ....w,�""1@1 <f;l '«'ft (D) �i\�l%""Q� (D) �i\���� (E) �i\��� 02/FHJCC/PT-2023/144B 13 [ Contd.",14,68th bpsc pre.pdf,BPSC-SUB-01,"History, Art & Culture",0.78,two_pass_taxonomy_v1,Assigned default Subject domain based on general studies context; flagged for human review.,True,,
BPSC-Q-000615,2023,68th BPSC Prelims,GS Prelims,,0,,English,"� ;::;· ':T 0 ;:,:_ mz (/) n QI :::J ::I (I)",21,68th bpsc pre.pdf,BPSC-SUB-01,"History, Art & Culture",0.78,two_pass_taxonomy_v1,Assigned default Subject domain based on general studies context; flagged for human review.,True,,
BPSC-Q-000616,2023,68th BPSC Prelims,GS Prelims,,59,,English,Match List-I with List-II : List-I List-II a. Grey Revolution l. Onion production b. c. d. Pink Revolution 2. Tomato and meat °II production Silver Revolutiolf) 3. Production of eggs Red Revolution 4. Fertilizers (A) a b C d I 4 2 3 �a b C d 4 1 3 2 (C) a b C d 3 1 4 2 (D) More than one of the above (E) None of the above,21,68th bpsc pre.pdf,BPSC-SUB-01,"History, Art & Culture",0.78,two_pass_taxonomy_v1,Assigned default Subject domain based on general studies context; flagged for human review.,True,,
BPSC-Q-000617,2023,68th BPSC Prelims,GS Prelims,,60,,English,Which of the following Five-Year Plans was focussed on Human Resource Development? (A) Fifth (B) First (C) Third (D) More than one of the above $) None of the above,21,68th bpsc pre.pdf,BPSC-SUB-01,"History, Art & Culture",0.78,two_pass_taxonomy_v1,Assigned default Subject domain based on general studies context; flagged for human review.,True,,
BPSC-Q-000618,2023,68th BPSC Prelims,GS Prelims,,61,,English,_ Which of the following States of India received the highest Foreign Direct Invt:stment (FOi) equity flow during April to September 2022? ._JA) Gujarat (B) Kamataka (C) Tripura (D) More than one of the above (E) None of the above 02/FH/CC/PT-2023/144-B,21,68th bpsc pre.pdf,BPSC-SUB-01,"History, Art & Culture",0.78,two_pass_taxonomy_v1,Assigned default Subject domain based on general studies context; flagged for human review.,True,,
BPSC-Q-000619,2023,68th BPSC Prelims,GS Prelims,,62,,English,"In which budget did the Finance Minister announce the Liberalized Exchange Rate Management System? (A) Union Budget, 1993-1994 \(B) Union Budget, 1991-1992 (C) Union Budget, 1992-1993 (D) More than one of the above (E) None of the above",21,68th bpsc pre.pdf,BPSC-SUB-01,"History, Art & Culture",0.78,two_pass_taxonomy_v1,Assigned default Subject domain based on general studies context; flagged for human review.,True,,
BPSC-Q-000620,2023,68th BPSC Prelims,GS Prelims,,63,,English,. Which of the following were goals of the Five-Year Plans?,21,68th bpsc pre.pdf,BPSC-SUB-01,"History, Art & Culture",0.78,two_pass_taxonomy_v1,Assigned default Subject domain based on general studies context; flagged for human review.,True,,
BPSC-Q-000621,2023,68th BPSC Prelims,GS Prelims,,1,,English,Growth,21,68th bpsc pre.pdf,BPSC-SUB-01,"History, Art & Culture",0.78,two_pass_taxonomy_v1,Assigned default Subject domain based on general studies context; flagged for human review.,True,,
BPSC-Q-000622,2023,68th BPSC Prelims,GS Prelims,,2,,English,Modernization,21,68th bpsc pre.pdf,BPSC-SUB-01,"History, Art & Culture",0.78,two_pass_taxonomy_v1,Assigned default Subject domain based on general studies context; flagged for human review.,True,,
BPSC-Q-000623,2023,68th BPSC Prelims,GS Prelims,,3,,English,Self-reliance,21,68th bpsc pre.pdf,BPSC-SUB-01,"History, Art & Culture",0.78,two_pass_taxonomy_v1,Assigned default Subject domain based on general studies context; flagged for human review.,True,,
BPSC-Q-000624,2023,68th BPSC Prelims,GS Prelims,,4,,English,"LiteratureX (A) 1, 2 and 4 only (B) 1, 3 and 4 only (C) 2, 3 and 4 only (D) More than one of the above �) None of the above",21,68th bpsc pre.pdf,BPSC-SUB-01,"History, Art & Culture",0.78,two_pass_taxonomy_v1,Assigned default Subject domain based on general studies context; flagged for human review.,True,,
BPSC-Q-000625,2023,68th BPSC Prelims,GS Prelims,,64,,English,Which organization carries out the survey for determining the poverty line? (A) RBI JB) NSSO (C) NITI Aayog (D) More than one of the above (E) None of the above,21,68th bpsc pre.pdf,BPSC-SUB-03,Indian & Bihar Economy,0.92,two_pass_taxonomy_v1,"Question concerns Indian & Bihar Economic Policy, Industrialization, or Poverty Alleviation.",False,,
BPSC-Q-000626,2023,68th BPSC Prelims,GS Prelims,,65,,English,The trade balance of India (merchandise and services) for December 2022 (provisional) is \):A) (-) 11 ·98 USD billion (B) (-) 10·50 USO billion (C) (+) 11 ·98 USO billion (D) More than one of the above (E) None of the above 20 [ Contd.,21,68th bpsc pre.pdf,BPSC-SUB-01,"History, Art & Culture",0.78,two_pass_taxonomy_v1,Assigned default Subject domain based on general studies context; flagged for human review.,True,,
